Episode,Config_Name,Seed,Original_Reward,Illegal_Actions,Mean_Absolute_TD_Error
1,1. Pure SARSA,1,-623,47,3.0672231125
2,1. Pure SARSA,1,-686,54,3.3537832249999995
3,1. Pure SARSA,1,-722,58,3.5387551250000002
4,1. Pure SARSA,1,-767,63,3.753857499999999
5,1. Pure SARSA,1,-461,29,2.242899573125
6,1. Pure SARSA,1,-272,8,1.3216625853703186
7,1. Pure SARSA,1,-704,56,3.4273885237500004
8,1. Pure SARSA,1,-731,59,3.5629279999999994
9,1. Pure SARSA,1,-650,50,3.1870156124999993
10,1. Pure SARSA,1,-515,35,2.51925909575
11,1. Pure SARSA,1,-794,66,3.8959050000000004
12,1. Pure SARSA,1,-695,55,3.37944563625
13,1. Pure SARSA,1,-141,7,1.7826100868049242
14,1. Pure SARSA,1,-290,10,1.4037492068212498
15,1. Pure SARSA,1,-470,30,2.2841549987499996
16,1. Pure SARSA,1,-407,27,2.3718157072331083
17,1. Pure SARSA,1,-461,29,2.256628005125
18,1. Pure SARSA,1,-272,8,1.325642345560853
19,1. Pure SARSA,1,-380,20,1.8498180624277358
20,1. Pure SARSA,1,-27,0,1.3155411137601891
21,1. Pure SARSA,1,-542,38,2.6493402588125003
22,1. Pure SARSA,1,-244,8,1.4262195172811405
23,1. Pure SARSA,1,-263,7,1.2804332984452202
24,1. Pure SARSA,1,-632,48,3.0978987374999996
25,1. Pure SARSA,1,-245,5,1.1831682008197975
26,1. Pure SARSA,1,-299,11,1.4591715853611718
27,1. Pure SARSA,1,-605,48,3.259604755154639
28,1. Pure SARSA,1,-281,9,1.3722161286682983
29,1. Pure SARSA,1,-722,58,3.5324055
30,1. Pure SARSA,1,-272,8,1.3099438799063858
31,1. Pure SARSA,1,-263,7,1.2710367957749087
32,1. Pure SARSA,1,-551,39,2.6842594106875
33,1. Pure SARSA,1,-254,6,1.2297390563457107
34,1. Pure SARSA,1,-425,25,2.0745349029850155
35,1. Pure SARSA,1,-317,13,1.5365530297386767
36,1. Pure SARSA,1,-668,52,3.27139839875
37,1. Pure SARSA,1,-335,15,1.6332685554476027
38,1. Pure SARSA,1,-542,38,2.6330260417090625
39,1. Pure SARSA,1,-180,6,1.431814181683241
40,1. Pure SARSA,1,-443,27,2.142620396523362
41,1. Pure SARSA,1,-246,9,1.5074155494522847
42,1. Pure SARSA,1,-263,7,1.2773833665058767
43,1. Pure SARSA,1,-272,8,1.3022229184841536
44,1. Pure SARSA,1,-281,9,1.349720385596805
45,1. Pure SARSA,1,-245,5,1.1817644328564727
46,1. Pure SARSA,1,-560,40,2.7397543994375
47,1. Pure SARSA,1,-299,11,1.4623199038995813
48,1. Pure SARSA,1,-218,2,1.0546921462518986
49,1. Pure SARSA,1,-272,8,1.3208302066739788
50,1. Pure SARSA,1,-308,12,1.4923264355935908
51,1. Pure SARSA,1,-63,2,1.507077830104167
52,1. Pure SARSA,1,-353,17,1.670307500883384
53,1. Pure SARSA,1,-245,5,1.1831934339462171
54,1. Pure SARSA,1,-263,7,1.2830684248641275
55,1. Pure SARSA,1,-335,15,1.5909611368095369
56,1. Pure SARSA,1,-236,4,1.1255417641268353
57,1. Pure SARSA,1,-281,9,1.3668613144390145
58,1. Pure SARSA,1,-245,5,1.1632794444043986
59,1. Pure SARSA,1,-138,5,1.4894618461773692
60,1. Pure SARSA,1,-272,8,1.3064091974907865
61,1. Pure SARSA,1,-227,3,1.088902351679843
62,1. Pure SARSA,1,-263,7,1.2680677266987066
63,1. Pure SARSA,1,-290,10,1.3913686037779192
64,1. Pure SARSA,1,-281,9,1.369857118081844
65,1. Pure SARSA,1,-407,23,1.9157425225185623
66,1. Pure SARSA,1,-122,10,2.861670050729221
67,1. Pure SARSA,1,-147,4,1.351007209143845
68,1. Pure SARSA,1,-326,14,1.5652334629536273
69,1. Pure SARSA,1,-398,22,1.8857150485393033
70,1. Pure SARSA,1,-452,28,2.1418183822084815
71,1. Pure SARSA,1,-272,8,1.2981757075288909
72,1. Pure SARSA,1,-434,26,2.055420869907004
73,1. Pure SARSA,1,-236,4,1.1247125906882902
74,1. Pure SARSA,1,-263,7,1.2543539044390615
75,1. Pure SARSA,1,-214,9,1.5886842234709033
76,1. Pure SARSA,1,-326,14,1.5632394630757651
77,1. Pure SARSA,1,-470,30,2.225636307368201
78,1. Pure SARSA,1,-173,4,1.2923001116523503
79,1. Pure SARSA,1,-189,4,1.2412281704699468
80,1. Pure SARSA,1,-281,9,1.3518753086466102
81,1. Pure SARSA,1,-245,5,1.1772521517221453
82,1. Pure SARSA,1,-353,17,1.6787981043205429
83,1. Pure SARSA,1,-236,4,1.1367455039203498
84,1. Pure SARSA,1,-101,2,1.2553213999340072
85,1. Pure SARSA,1,-272,8,1.3128821053958568
86,1. Pure SARSA,1,-122,3,1.3304233481334917
87,1. Pure SARSA,1,-254,6,1.1924758166242517
88,1. Pure SARSA,1,-245,5,1.1750110472400168
89,1. Pure SARSA,1,-272,8,1.2919724730207058
90,1. Pure SARSA,1,-398,22,1.8776798036277802
91,1. Pure SARSA,1,-197,11,1.8678494209932088
92,1. Pure SARSA,1,-299,11,1.4003828735037371
93,1. Pure SARSA,1,-281,9,1.3411953593032928
94,1. Pure SARSA,1,-326,14,1.5413128189626895
95,1. Pure SARSA,1,-263,7,1.2277692777372216
96,1. Pure SARSA,1,-182,7,1.4878866176855152
97,1. Pure SARSA,1,-362,18,1.7160112343562017
98,1. Pure SARSA,1,-317,13,1.50958104178449
99,1. Pure SARSA,1,-353,17,1.6684258365884177
100,1. Pure SARSA,1,-272,8,1.2763552789424337
101,1. Pure SARSA,1,-317,13,1.48714641599476
102,1. Pure SARSA,1,-281,9,1.319930774756067
103,1. Pure SARSA,1,-236,4,1.0829156619783589
104,1. Pure SARSA,1,-233,6,1.2660975529743435
105,1. Pure SARSA,1,-353,17,1.6672428802407138
106,1. Pure SARSA,1,-245,5,1.1449520819432797
107,1. Pure SARSA,1,-236,4,1.09311201910704
108,1. Pure SARSA,1,-245,5,1.131969541011928
109,1. Pure SARSA,1,-113,3,1.3201445952051534
110,1. Pure SARSA,1,-326,14,1.5606045455898034
111,1. Pure SARSA,1,-290,10,1.3706031870912625
112,1. Pure SARSA,1,-263,7,1.235036920666099
113,1. Pure SARSA,1,-198,13,2.209016554058786
114,1. Pure SARSA,1,-263,7,1.221617005165085
115,1. Pure SARSA,1,-317,13,1.4872126148780085
116,1. Pure SARSA,1,-263,7,1.20900062991116
117,1. Pure SARSA,1,-335,15,1.5735215912920502
118,1. Pure SARSA,1,-161,6,1.4998500713693663
119,1. Pure SARSA,1,-254,6,1.171973087902942
120,1. Pure SARSA,1,-203,10,1.688981024868882
121,1. Pure SARSA,1,-272,8,1.2594388257383624
122,1. Pure SARSA,1,-236,4,1.0961826050156291
123,1. Pure SARSA,1,-335,15,1.5862956450749885
124,1. Pure SARSA,1,-254,6,1.1700399839198672
125,1. Pure SARSA,1,-353,17,1.6364501325619003
126,1. Pure SARSA,1,-125,2,1.181240860571385
127,1. Pure SARSA,1,-228,6,1.250309129703968
128,1. Pure SARSA,1,-326,14,1.5366125649569335
129,1. Pure SARSA,1,-326,14,1.509565424150059
130,1. Pure SARSA,1,-263,7,1.2219683776505028
131,1. Pure SARSA,1,-73,2,1.3443014174349301
132,1. Pure SARSA,1,-263,7,1.2259246990136203
133,1. Pure SARSA,1,-69,5,2.2179444202968766
134,1. Pure SARSA,1,-308,12,1.4364794333682818
135,1. Pure SARSA,1,-162,4,1.2672707463009028
136,1. Pure SARSA,1,-147,7,1.6434200468685576
137,1. Pure SARSA,1,-281,9,1.3069990772311502
138,1. Pure SARSA,1,-136,6,1.592588882312914
139,1. Pure SARSA,1,-281,9,1.308537520021774
140,1. Pure SARSA,1,-308,12,1.4275142843860227
141,1. Pure SARSA,1,-263,7,1.2232022207575377
142,1. Pure SARSA,1,-28,2,1.8807422586550895
143,1. Pure SARSA,1,-371,19,1.759772282954105
144,1. Pure SARSA,1,-272,8,1.2593194154152032
145,1. Pure SARSA,1,-27,2,1.9490829406897077
146,1. Pure SARSA,1,-71,1,1.186525745581629
147,1. Pure SARSA,1,-344,16,1.5934042873645644
148,1. Pure SARSA,1,-308,12,1.4590795874404647
149,1. Pure SARSA,1,-353,17,1.6355534995030012
150,1. Pure SARSA,1,-55,0,1.0815182739738247
151,1. Pure SARSA,1,-204,8,1.482222926580984
152,1. Pure SARSA,1,-317,13,1.4575083081240066
153,1. Pure SARSA,1,-299,11,1.382764541951427
154,1. Pure SARSA,1,-362,18,1.655024208590574
155,1. Pure SARSA,1,-398,22,1.8858238343908413
156,1. Pure SARSA,1,-299,11,1.3836807711109202
157,1. Pure SARSA,1,-269,12,1.5620876781890392
158,1. Pure SARSA,1,-362,18,1.688394008757384
159,1. Pure SARSA,1,-1,0,1.4705249138524614
160,1. Pure SARSA,1,-67,3,1.6108477167896647
161,1. Pure SARSA,1,-344,16,1.5978492287422728
162,1. Pure SARSA,1,-290,10,1.3395953856844531
163,1. Pure SARSA,1,-344,16,1.5951204622354427
164,1. Pure SARSA,1,-142,4,1.280484190293168
165,1. Pure SARSA,1,-1,0,1.4665108790368597
166,1. Pure SARSA,1,-261,11,1.4697368988066355
167,1. Pure SARSA,1,-17,0,1.3105191025843208
168,1. Pure SARSA,1,-144,4,1.2233204177096983
169,1. Pure SARSA,1,-287,13,1.5167204701231922
170,1. Pure SARSA,1,-184,3,1.119060942753479
171,1. Pure SARSA,1,-371,19,1.7054680586628979
172,1. Pure SARSA,1,-263,7,1.1996859969645886
173,1. Pure SARSA,1,-146,5,1.3692276846319757
174,1. Pure SARSA,1,-217,10,1.5535470187947553
175,1. Pure SARSA,1,-128,8,1.9822080363425694
176,1. Pure SARSA,1,-198,6,1.3214449627081295
177,1. Pure SARSA,1,-18,1,1.6236737311936307
178,1. Pure SARSA,1,-68,2,1.3057469047079961
179,1. Pure SARSA,1,-261,14,1.7495132981620538
180,1. Pure SARSA,1,-268,11,1.4701240180861836
181,1. Pure SARSA,1,-281,9,1.3139311576251063
182,1. Pure SARSA,1,-183,4,1.2082534604640074
183,1. Pure SARSA,1,-133,3,1.22483231322144
184,1. Pure SARSA,1,-353,17,1.6363575076874022
185,1. Pure SARSA,1,-254,6,1.1352381742031783
186,1. Pure SARSA,1,-131,4,1.304225013141839
187,1. Pure SARSA,1,-89,6,2.0483121490169105
188,1. Pure SARSA,1,-263,7,1.1878156191938982
189,1. Pure SARSA,1,-263,7,1.1887404651470899
190,1. Pure SARSA,1,-337,18,1.760908788167608
191,1. Pure SARSA,1,-49,2,1.4212820264219146
192,1. Pure SARSA,1,-193,5,1.3135663435104772
193,1. Pure SARSA,1,-89,3,1.3488787533639854
194,1. Pure SARSA,1,-165,3,1.1057468442493543
195,1. Pure SARSA,1,-407,23,1.8902186054584258
196,1. Pure SARSA,1,-217,5,1.166714706119443
197,1. Pure SARSA,1,-281,9,1.2734369085363442
198,1. Pure SARSA,1,-308,12,1.4018189694593668
199,1. Pure SARSA,1,-263,7,1.2158730032365253
200,1. Pure SARSA,1,-265,11,1.4274870991743667
201,1. Pure SARSA,1,-380,20,1.728720696371906
202,1. Pure SARSA,1,-107,4,1.409408359913945
203,1. Pure SARSA,1,-71,4,1.9440896411993338
204,1. Pure SARSA,1,-281,9,1.276923650318393
205,1. Pure SARSA,1,-254,6,1.145803928716955
206,1. Pure SARSA,1,-170,6,1.350270418992065
207,1. Pure SARSA,1,-173,8,1.573502847007807
208,1. Pure SARSA,1,-126,4,1.2791437800124736
209,1. Pure SARSA,1,-241,12,1.6650289263569173
210,1. Pure SARSA,1,-110,3,1.2590042307908251
211,1. Pure SARSA,1,-344,16,1.5934710104711254
212,1. Pure SARSA,1,-290,10,1.2780554562469257
213,1. Pure SARSA,1,-272,8,1.2319189037281373
214,1. Pure SARSA,1,-40,2,1.4659693192821126
215,1. Pure SARSA,1,-179,8,1.5185008261901551
216,1. Pure SARSA,1,-281,9,1.279118915960493
217,1. Pure SARSA,1,-90,7,2.367002621267157
218,1. Pure SARSA,1,-97,5,1.6631079078144773
219,1. Pure SARSA,1,-274,14,1.6870537681218982
220,1. Pure SARSA,1,-143,3,1.1318789411624006
221,1. Pure SARSA,1,-181,2,1.034343237913301
222,1. Pure SARSA,1,-371,19,1.705342418446582
223,1. Pure SARSA,1,-263,7,1.1868365777591563
224,1. Pure SARSA,1,-236,4,1.065141937670968
225,1. Pure SARSA,1,-300,15,1.662558607574398
226,1. Pure SARSA,1,-204,10,1.6315432664974845
227,1. Pure SARSA,1,-31,2,2.27219197768588
228,1. Pure SARSA,1,-172,4,1.1760108603786288
229,1. Pure SARSA,1,-335,15,1.5503458535069108
230,1. Pure SARSA,1,-236,4,1.0471059132354066
231,1. Pure SARSA,1,-299,11,1.3453656106472942
232,1. Pure SARSA,1,-41,2,1.5334671963262514
233,1. Pure SARSA,1,-284,12,1.434754311409662
234,1. Pure SARSA,1,-263,7,1.1645498159834429
235,1. Pure SARSA,1,-39,0,1.0916129872842204
236,1. Pure SARSA,1,-54,1,1.2048372345968805
237,1. Pure SARSA,1,-164,8,1.5796066992755098
238,1. Pure SARSA,1,-308,12,1.4012697117910842
239,1. Pure SARSA,1,-89,6,1.9195454843355702
240,1. Pure SARSA,1,-182,7,1.3656877676234296
241,1. Pure SARSA,1,-43,3,1.636023289894727
242,1. Pure SARSA,1,-268,12,1.4554221517033832
243,1. Pure SARSA,1,-110,5,1.504963209928318
244,1. Pure SARSA,1,-317,13,1.4248412039465483
245,1. Pure SARSA,1,-43,0,1.0414548663751002
246,1. Pure SARSA,1,-236,9,1.3917954259245116
247,1. Pure SARSA,1,-353,17,1.6005736035373082
248,1. Pure SARSA,1,-272,8,1.218494419547194
249,1. Pure SARSA,1,-326,14,1.4559828118330833
250,1. Pure SARSA,1,-204,7,1.3031606908230478
251,1. Pure SARSA,1,-78,1,1.0927832471054661
252,1. Pure SARSA,1,-260,14,1.7500509820198127
253,1. Pure SARSA,1,-254,6,1.0987648045975227
254,1. Pure SARSA,1,-326,14,1.4656298396065244
255,1. Pure SARSA,1,-236,10,1.4558705603905606
256,1. Pure SARSA,1,-134,3,1.1622791028455786
257,1. Pure SARSA,1,-308,12,1.3546809568585525
258,1. Pure SARSA,1,-138,2,1.0635695267471745
259,1. Pure SARSA,1,-168,5,1.2344438843596446
260,1. Pure SARSA,1,-25,0,1.1305944777337569
261,1. Pure SARSA,1,-281,9,1.2747547042624705
262,1. Pure SARSA,1,-263,7,1.1759146251392298
263,1. Pure SARSA,1,-216,7,1.284627676259962
264,1. Pure SARSA,1,-211,7,1.2726743797575728
265,1. Pure SARSA,1,-305,14,1.5286054400590559
266,1. Pure SARSA,1,-70,4,1.5568264383965222
267,1. Pure SARSA,1,-204,7,1.4444704108973103
268,1. Pure SARSA,1,-245,10,1.4105076829362098
269,1. Pure SARSA,1,-20,0,1.1270518190828152
270,1. Pure SARSA,1,-227,3,0.9565852509593614
271,1. Pure SARSA,1,-236,4,1.0015559575555066
272,1. Pure SARSA,1,-171,5,1.2120680862902686
273,1. Pure SARSA,1,-10,1,1.7375642873031154
274,1. Pure SARSA,1,-263,7,1.158905710904093
275,1. Pure SARSA,1,-254,14,1.7512693073619325
276,1. Pure SARSA,1,-113,5,1.4310825260378568
277,1. Pure SARSA,1,-144,2,1.0489022191663138
278,1. Pure SARSA,1,-63,4,1.7649392614218498
279,1. Pure SARSA,1,-70,2,1.246742695178931
280,1. Pure SARSA,1,-226,11,1.5809802436530689
281,1. Pure SARSA,1,-244,10,1.3449589396849977
282,1. Pure SARSA,1,-9,0,1.1742600305283746
283,1. Pure SARSA,1,-183,5,1.208487306414826
284,1. Pure SARSA,1,-170,8,1.496807831711214
285,1. Pure SARSA,1,-246,8,1.2762877799099457
286,1. Pure SARSA,1,-186,6,1.249736875078352
287,1. Pure SARSA,1,-215,9,1.538801581300052
288,1. Pure SARSA,1,-103,3,1.2623323149229055
289,1. Pure SARSA,1,-105,3,1.1965028295940696
290,1. Pure SARSA,1,-33,1,1.2683299736031441
291,1. Pure SARSA,1,-237,13,1.6558857845396708
292,1. Pure SARSA,1,13,0,2.1495888522327506
293,1. Pure SARSA,1,-21,1,1.387649270860314
294,1. Pure SARSA,1,-1,0,1.3045836811630978
295,1. Pure SARSA,1,-6,0,1.1865334398095515
296,1. Pure SARSA,1,-290,10,1.2514112154143213
297,1. Pure SARSA,1,-189,5,1.1191492455721148
298,1. Pure SARSA,1,-245,5,1.0654176768474304
299,1. Pure SARSA,1,-30,2,1.5024497085653787
300,1. Pure SARSA,1,-265,16,1.8721520772464288
301,1. Pure SARSA,1,-245,5,1.0397801374077926
302,1. Pure SARSA,1,-281,9,1.241831706993566
303,1. Pure SARSA,1,-308,12,1.3884995350071891
304,1. Pure SARSA,1,14,0,2.254316790731678
305,1. Pure SARSA,1,-126,5,1.5819289542926942
306,1. Pure SARSA,1,-263,7,1.1532782104896213
307,1. Pure SARSA,1,-172,3,1.0531115238105915
308,1. Pure SARSA,1,-102,3,1.1848454681067757
309,1. Pure SARSA,1,-24,1,1.3413873492385273
310,1. Pure SARSA,1,-73,3,1.3483082058222913
311,1. Pure SARSA,1,-55,2,1.2928710108245598
312,1. Pure SARSA,1,-380,20,1.682872256443777
313,1. Pure SARSA,1,-168,5,1.1997854658626719
314,1. Pure SARSA,1,-131,4,1.2225780675674596
315,1. Pure SARSA,1,-284,15,1.6740961688882237
316,1. Pure SARSA,1,-239,9,1.3343615830484856
317,1. Pure SARSA,1,-124,5,1.3785424253001972
318,1. Pure SARSA,1,-53,2,1.3032902630226941
319,1. Pure SARSA,1,-32,2,1.4193679734397784
320,1. Pure SARSA,1,-53,3,1.4936482524358972
321,1. Pure SARSA,1,-29,1,1.3049206158108098
322,1. Pure SARSA,1,-43,0,0.9865722710506567
323,1. Pure SARSA,1,-178,5,1.1835446586713194
324,1. Pure SARSA,1,-185,7,1.291619769341917
325,1. Pure SARSA,1,-335,15,1.5039793681525457
326,1. Pure SARSA,1,-264,11,1.3938096301568919
327,1. Pure SARSA,1,-224,7,1.210395568746676
328,1. Pure SARSA,1,-256,9,1.2826168981376318
329,1. Pure SARSA,1,-245,5,1.0218212900180728
330,1. Pure SARSA,1,-75,3,1.315519871421255
331,1. Pure SARSA,1,-120,3,1.1411443808711652
332,1. Pure SARSA,1,-81,2,1.1381789055782772
333,1. Pure SARSA,1,-32,2,1.5960813949395272
334,1. Pure SARSA,1,-281,9,1.2374535022123743
335,1. Pure SARSA,1,-222,8,1.2448582130097074
336,1. Pure SARSA,1,-149,6,1.599967513894059
337,1. Pure SARSA,1,-207,8,1.3403659522915832
338,1. Pure SARSA,1,-7,1,1.7363659227261037
339,1. Pure SARSA,1,-195,7,1.2453375915114988
340,1. Pure SARSA,1,-254,6,1.0968644533404899
341,1. Pure SARSA,1,-175,7,1.3626381200023219
342,1. Pure SARSA,1,12,0,1.856533295788308
343,1. Pure SARSA,1,-191,5,1.0996352153336202
344,1. Pure SARSA,1,-186,3,1.0286705064431498
345,1. Pure SARSA,1,-56,1,1.0826895107172798
346,1. Pure SARSA,1,-228,7,1.2102771581878307
347,1. Pure SARSA,1,-244,11,1.4525346102718375
348,1. Pure SARSA,1,-133,5,1.267445145986774
349,1. Pure SARSA,1,-145,6,1.4159976592936387
350,1. Pure SARSA,1,-166,7,1.372234205542264
351,1. Pure SARSA,1,-114,1,0.9599069809760596
352,1. Pure SARSA,1,-144,5,1.2771099317591756
353,1. Pure SARSA,1,11,0,1.5983119097692344
354,1. Pure SARSA,1,-281,9,1.2225873998377808
355,1. Pure SARSA,1,-168,7,1.3383405824360948
356,1. Pure SARSA,1,-9,0,1.192723934449443
357,1. Pure SARSA,1,-281,9,1.223185551691152
358,1. Pure SARSA,1,-69,1,1.0313653094751545
359,1. Pure SARSA,1,-188,4,1.0946268857147816
360,1. Pure SARSA,1,-190,6,1.165164252280816
361,1. Pure SARSA,1,-105,5,1.4560392845976036
362,1. Pure SARSA,1,-135,5,1.3715662165327314
363,1. Pure SARSA,1,-88,3,1.1926550900229491
364,1. Pure SARSA,1,-134,4,1.1341947320516996
365,1. Pure SARSA,1,-41,1,1.0746817527690067
366,1. Pure SARSA,1,-216,6,1.1149714231162617
367,1. Pure SARSA,1,-134,6,1.4107955093631879
368,1. Pure SARSA,1,-175,11,1.8571217087647662
369,1. Pure SARSA,1,-54,3,1.5792542881909624
370,1. Pure SARSA,1,-236,9,1.3912284765184184
371,1. Pure SARSA,1,-35,1,1.1902268264251845
372,1. Pure SARSA,1,-5,0,1.072245639337686
373,1. Pure SARSA,1,-69,2,1.550827918270181
374,1. Pure SARSA,1,-24,1,1.263909687582096
375,1. Pure SARSA,1,-130,3,1.04535330670878
376,1. Pure SARSA,1,-49,1,1.2204950564949912
377,1. Pure SARSA,1,-250,8,1.3736279879707525
378,1. Pure SARSA,1,-38,0,0.8600977839026689
379,1. Pure SARSA,1,-206,6,1.1808593072993172
380,1. Pure SARSA,1,-135,6,1.390257037619331
381,1. Pure SARSA,1,-183,11,1.8342541598297617
382,1. Pure SARSA,1,-209,8,1.3759946392374005
383,1. Pure SARSA,1,-63,1,1.0601074359232305
384,1. Pure SARSA,1,-104,2,1.036586196340373
385,1. Pure SARSA,1,-257,9,1.3649608442614718
386,1. Pure SARSA,1,-168,4,1.0752358803573627
387,1. Pure SARSA,1,-133,3,1.0690240384314553
388,1. Pure SARSA,1,-143,7,1.4343044489382126
389,1. Pure SARSA,1,-299,11,1.294522727151832
390,1. Pure SARSA,1,-256,12,1.420543288092151
391,1. Pure SARSA,1,-252,10,1.3302698106054562
392,1. Pure SARSA,1,-124,3,1.1100585672625587
393,1. Pure SARSA,1,-216,9,1.346992709418422
394,1. Pure SARSA,1,-393,26,2.1013624804622966
395,1. Pure SARSA,1,-60,3,1.3903004948529842
396,1. Pure SARSA,1,-236,10,1.3800554172522028
397,1. Pure SARSA,1,-135,10,2.261942877910863
398,1. Pure SARSA,1,-263,7,1.1036494049034098
399,1. Pure SARSA,1,-35,1,1.1737126675523253
400,1. Pure SARSA,1,-153,8,1.567771543995751
401,1. Pure SARSA,1,-227,3,0.9396238759425689
402,1. Pure SARSA,1,-28,1,1.0206283288027138
403,1. Pure SARSA,1,9,0,2.2628669361603584
404,1. Pure SARSA,1,-118,6,1.6356470437026454
405,1. Pure SARSA,1,-147,4,1.0761208525638417
406,1. Pure SARSA,1,-119,5,1.38776278908009
407,1. Pure SARSA,1,-43,1,1.0959003269412346
408,1. Pure SARSA,1,-238,7,1.1502608940853987
409,1. Pure SARSA,1,8,0,1.4109172500602551
410,1. Pure SARSA,1,10,0,1.4245636903786438
411,1. Pure SARSA,1,-37,2,1.3852774806363286
412,1. Pure SARSA,1,-290,10,1.235517505652406
413,1. Pure SARSA,1,11,0,4.893259972781982
414,1. Pure SARSA,1,-207,9,1.3712693771458029
415,1. Pure SARSA,1,-263,7,1.0546460035188394
416,1. Pure SARSA,1,-30,3,2.37600124949032
417,1. Pure SARSA,1,-119,3,1.1824943812436306
418,1. Pure SARSA,1,-51,1,1.0419940838718227
419,1. Pure SARSA,1,-188,6,1.1867693230160907
420,1. Pure SARSA,1,-157,6,1.3938325935137401
421,1. Pure SARSA,1,-106,4,1.6604450570630442
422,1. Pure SARSA,1,-32,1,1.723565682101022
423,1. Pure SARSA,1,-46,1,1.035924503719835
424,1. Pure SARSA,1,-37,3,1.880676797684165
425,1. Pure SARSA,1,-93,4,1.3221420792900656
426,1. Pure SARSA,1,-203,9,1.3742035285433403
427,1. Pure SARSA,1,-14,2,4.186117084150885
428,1. Pure SARSA,1,-95,3,1.261545968206346
429,1. Pure SARSA,1,-281,9,1.2105657198144868
430,1. Pure SARSA,1,-308,12,1.3357233758477083
431,1. Pure SARSA,1,-13,0,1.0700260591843958
432,1. Pure SARSA,1,-230,7,1.237555919668569
433,1. Pure SARSA,1,-140,4,1.3945029361693164
434,1. Pure SARSA,1,-25,2,1.3950190976314754
435,1. Pure SARSA,1,-54,1,1.0344555684019257
436,1. Pure SARSA,1,-120,1,0.8925082571275921
437,1. Pure SARSA,1,1,1,5.273378268076654
438,1. Pure SARSA,1,-18,1,1.2895162762124197
439,1. Pure SARSA,1,-112,4,1.2445627751858455
440,1. Pure SARSA,1,-88,6,1.8760568698805844
441,1. Pure SARSA,1,-63,2,1.169839012394059
442,1. Pure SARSA,1,-53,2,1.489707230200066
443,1. Pure SARSA,1,-63,3,1.3038433727023877
444,1. Pure SARSA,1,-8,1,1.5582855160885654
445,1. Pure SARSA,1,-152,3,1.0122781284022164
446,1. Pure SARSA,1,10,0,1.3926499611941308
447,1. Pure SARSA,1,-38,2,1.396767094702173
448,1. Pure SARSA,1,-46,2,1.3345406310479355
449,1. Pure SARSA,1,-31,1,1.868675904657187
450,1. Pure SARSA,1,-238,11,1.4729609511461073
451,1. Pure SARSA,1,-211,9,1.3585092061280193
452,1. Pure SARSA,1,-182,9,1.4946680315738479
453,1. Pure SARSA,1,-130,2,0.9610764352051872
454,1. Pure SARSA,1,-281,9,1.1932042568553
455,1. Pure SARSA,1,-26,0,0.908773593189393
456,1. Pure SARSA,1,-187,8,1.3194262140363908
457,1. Pure SARSA,1,-131,5,1.4492645939394588
458,1. Pure SARSA,1,-70,4,1.5401890887121206
459,1. Pure SARSA,1,-144,8,1.6187653351625937
460,1. Pure SARSA,1,10,0,1.3870898032948271
461,1. Pure SARSA,1,-93,2,1.0668740558284089
462,1. Pure SARSA,1,-52,3,1.4961197470182028
463,1. Pure SARSA,1,-81,4,1.4266684306828923
464,1. Pure SARSA,1,-56,4,1.7945482382895093
465,1. Pure SARSA,1,2,0,3.097168591940467
466,1. Pure SARSA,1,-23,1,1.5323961049273929
467,1. Pure SARSA,1,-45,2,1.596421440154228
468,1. Pure SARSA,1,-169,7,1.3087264274790267
469,1. Pure SARSA,1,1,0,1.3260255309262012
470,1. Pure SARSA,1,-110,3,1.1697676741191019
471,1. Pure SARSA,1,-90,1,0.9255267040254463
472,1. Pure SARSA,1,-183,6,1.1829557243877413
473,1. Pure SARSA,1,6,0,1.2599243182674127
474,1. Pure SARSA,1,-184,4,1.0154951551227502
475,1. Pure SARSA,1,-132,4,1.1369955280200252
476,1. Pure SARSA,1,-8,0,0.9975631505477008
477,1. Pure SARSA,1,-130,6,1.8652829471637962
478,1. Pure SARSA,1,-178,7,1.4628653405973169
479,1. Pure SARSA,1,-89,4,1.6742006154233835
480,1. Pure SARSA,1,-127,8,2.3769859950034173
481,1. Pure SARSA,1,10,0,3.0030307473560742
482,1. Pure SARSA,1,-62,2,1.1223678849649787
483,1. Pure SARSA,1,-115,3,1.0786522163718717
484,1. Pure SARSA,1,-159,3,1.1148788096634528
485,1. Pure SARSA,1,-250,8,1.3684310315212034
486,1. Pure SARSA,1,-134,4,1.0964238162203044
487,1. Pure SARSA,1,13,0,1.6186888822936378
488,1. Pure SARSA,1,-105,4,1.2712188834677707
489,1. Pure SARSA,1,-11,2,3.0396298023594883
490,1. Pure SARSA,1,-131,5,1.2456510439229813
491,1. Pure SARSA,1,-6,0,1.087670371092184
492,1. Pure SARSA,1,-16,2,2.041631333126365
493,1. Pure SARSA,1,-145,9,2.1675644212458276
494,1. Pure SARSA,1,-131,7,1.495691760597188
495,1. Pure SARSA,1,-51,4,2.86456785674995
496,1. Pure SARSA,1,-140,4,1.1277065459682662
497,1. Pure SARSA,1,-174,8,1.3881656047911421
498,1. Pure SARSA,1,10,0,4.5562354809117895
499,1. Pure SARSA,1,-275,16,1.728856396843005
500,1. Pure SARSA,1,-207,8,1.2761168012912947
1,2. SARSA + Planning,1,-695,55,2.9126007294193506
2,2. SARSA + Planning,1,-740,60,3.1871612334623802
3,2. SARSA + Planning,1,-731,59,3.0233075062128383
4,2. SARSA + Planning,1,-379,32,3.4231119305496907
5,2. SARSA + Planning,1,-533,37,2.2176337357821643
6,2. SARSA + Planning,1,-317,13,1.396789152184495
7,2. SARSA + Planning,1,-740,60,3.172182309098474
8,2. SARSA + Planning,1,-614,46,2.7740623405078964
9,2. SARSA + Planning,1,-731,59,3.2471200431851766
10,2. SARSA + Planning,1,-326,14,1.4798746897185588
11,2. SARSA + Planning,1,-749,61,3.137989113904997
12,2. SARSA + Planning,1,-462,39,3.0391462387648946
13,2. SARSA + Planning,1,-290,10,1.2957462873524401
14,2. SARSA + Planning,1,-623,47,2.609129278893962
15,2. SARSA + Planning,1,-434,26,1.826566636495317
16,2. SARSA + Planning,1,-156,12,2.31620421749973
17,2. SARSA + Planning,1,-348,22,1.84952796095378
18,2. SARSA + Planning,1,-141,5,1.2890266484364246
19,2. SARSA + Planning,1,-371,19,1.6918735640021276
20,2. SARSA + Planning,1,10,0,1.8129639903821484
21,2. SARSA + Planning,1,-407,23,1.832656994202976
22,2. SARSA + Planning,1,-281,9,1.2570899319651447
23,2. SARSA + Planning,1,-164,14,3.4215622020514633
24,2. SARSA + Planning,1,-713,57,3.1322194453258816
25,2. SARSA + Planning,1,-479,31,2.037388374320979
26,2. SARSA + Planning,1,-326,14,1.4915542408433107
27,2. SARSA + Planning,1,-569,41,2.450353944037238
28,2. SARSA + Planning,1,-41,3,1.7148281369321032
29,2. SARSA + Planning,1,-596,44,2.5843741641300593
30,2. SARSA + Planning,1,-149,3,1.0962323258460753
31,2. SARSA + Planning,1,-254,6,1.1601696964223964
32,2. SARSA + Planning,1,-524,36,2.24893791828768
33,2. SARSA + Planning,1,-272,8,1.1952251457838663
34,2. SARSA + Planning,1,-496,41,3.0638152178656823
35,2. SARSA + Planning,1,-292,13,1.5607192395836211
36,2. SARSA + Planning,1,-758,62,3.1941165783081327
37,2. SARSA + Planning,1,-416,24,1.819670222431983
38,2. SARSA + Planning,1,-623,47,2.7557382245135695
39,2. SARSA + Planning,1,5,0,1.1933691164400293
40,2. SARSA + Planning,1,-229,17,2.356043177456529
41,2. SARSA + Planning,1,-299,11,1.4041794493636046
42,2. SARSA + Planning,1,-114,4,1.4217404254593193
43,2. SARSA + Planning,1,-38,2,1.4587918007710097
44,2. SARSA + Planning,1,-299,11,1.363167599814733
45,2. SARSA + Planning,1,-254,6,1.1544465738377563
46,2. SARSA + Planning,1,-3,0,1.9001806778935215
47,2. SARSA + Planning,1,-5,0,0.9800714778706339
48,2. SARSA + Planning,1,-254,6,1.2049292029771188
49,2. SARSA + Planning,1,-117,1,1.0226638259291287
50,2. SARSA + Planning,1,-216,6,1.2480174274850337
51,2. SARSA + Planning,1,14,0,1.902200682934221
52,2. SARSA + Planning,1,-5,1,1.6666723548247553
53,2. SARSA + Planning,1,-245,5,1.16043576070746
54,2. SARSA + Planning,1,1,0,1.0856398972534809
55,2. SARSA + Planning,1,-47,0,0.883245703147437
56,2. SARSA + Planning,1,-245,5,1.097307506020231
57,2. SARSA + Planning,1,5,0,1.6097165987033302
58,2. SARSA + Planning,1,-92,3,1.2647668620294092
59,2. SARSA + Planning,1,-227,3,1.0396212210754017
60,2. SARSA + Planning,1,-19,0,1.1766732565603333
61,2. SARSA + Planning,1,12,0,1.049619563081101
62,2. SARSA + Planning,1,-245,5,1.1446407735364246
63,2. SARSA + Planning,1,-48,1,1.1038366604575893
64,2. SARSA + Planning,1,-272,8,1.2942958988822448
65,2. SARSA + Planning,1,-44,3,1.6737615069843528
66,2. SARSA + Planning,1,-103,4,1.286751988115446
67,2. SARSA + Planning,1,-137,4,1.1619565741689728
68,2. SARSA + Planning,1,5,0,0.9356737378866816
69,2. SARSA + Planning,1,-78,3,1.2658281031203462
70,2. SARSA + Planning,1,-89,3,1.2141310571730561
71,2. SARSA + Planning,1,-263,7,1.2139336099437796
72,2. SARSA + Planning,1,-39,1,1.0465395347427424
73,2. SARSA + Planning,1,11,0,0.7913417932388009
74,2. SARSA + Planning,1,-227,3,1.0357887848737821
75,2. SARSA + Planning,1,-133,3,1.1001305358606905
76,2. SARSA + Planning,1,-22,2,1.6617822611348259
77,2. SARSA + Planning,1,-254,6,1.1602908296000147
78,2. SARSA + Planning,1,-281,9,1.3045006841369378
79,2. SARSA + Planning,1,-16,0,0.8147863566031679
80,2. SARSA + Planning,1,-27,2,1.2766331034085716
81,2. SARSA + Planning,1,9,0,1.1429371893663052
82,2. SARSA + Planning,1,-99,5,1.4100511164021716
83,2. SARSA + Planning,1,-76,2,1.1451010361678617
84,2. SARSA + Planning,1,10,0,1.0986432816661085
85,2. SARSA + Planning,1,-134,3,1.1963847454541499
86,2. SARSA + Planning,1,-36,1,1.234436455802964
87,2. SARSA + Planning,1,-245,5,1.0773974521107863
88,2. SARSA + Planning,1,-218,2,0.9974693512488344
89,2. SARSA + Planning,1,-17,1,1.3698807481921924
90,2. SARSA + Planning,1,3,0,1.0620161680612847
91,2. SARSA + Planning,1,-6,0,0.871236265928213
92,2. SARSA + Planning,1,-11,0,1.4735589194554155
93,2. SARSA + Planning,1,-68,4,1.6650244173820443
94,2. SARSA + Planning,1,-21,0,1.3272747457345015
95,2. SARSA + Planning,1,-31,2,1.5536316855048282
96,2. SARSA + Planning,1,-51,0,0.8442180591565029
97,2. SARSA + Planning,1,-6,0,0.7822461197407722
98,2. SARSA + Planning,1,4,0,0.7907752763228609
99,2. SARSA + Planning,1,-33,2,1.5125201069592993
100,2. SARSA + Planning,1,1,0,0.6887475723053228
101,2. SARSA + Planning,1,-42,1,1.1078600776055916
102,2. SARSA + Planning,1,9,0,3.1033102164742807
103,2. SARSA + Planning,1,-20,0,0.8700754929908897
104,2. SARSA + Planning,1,-34,1,1.0899423043341023
105,2. SARSA + Planning,1,-7,1,1.4602985682178826
106,2. SARSA + Planning,1,-263,7,1.241886511319309
107,2. SARSA + Planning,1,-88,3,1.1916754250541541
108,2. SARSA + Planning,1,-17,2,1.698438517116821
109,2. SARSA + Planning,1,12,0,0.7594974563308652
110,2. SARSA + Planning,1,-44,4,1.810365397295772
111,2. SARSA + Planning,1,-11,1,1.1243206586578973
112,2. SARSA + Planning,1,-5,1,2.49824477678939
113,2. SARSA + Planning,1,5,0,0.743138675184871
114,2. SARSA + Planning,1,-206,5,1.2049996291837939
115,2. SARSA + Planning,1,-15,1,1.1654251058045484
116,2. SARSA + Planning,1,-62,1,1.0168631415452523
117,2. SARSA + Planning,1,-52,4,1.760373225649179
118,2. SARSA + Planning,1,-9,0,0.9662430580054615
119,2. SARSA + Planning,1,-16,0,0.8471045997401421
120,2. SARSA + Planning,1,-38,2,1.2740978521189383
121,2. SARSA + Planning,1,-104,5,1.3969701138246606
122,2. SARSA + Planning,1,-263,7,1.1888539732757457
123,2. SARSA + Planning,1,3,1,2.0367183166637624
124,2. SARSA + Planning,1,-25,1,1.189900477446969
125,2. SARSA + Planning,1,-263,7,1.1752428984161758
126,2. SARSA + Planning,1,-13,0,0.8085777175435721
127,2. SARSA + Planning,1,-30,0,1.402064492218616
128,2. SARSA + Planning,1,-19,0,1.5095522788803137
129,2. SARSA + Planning,1,-36,2,1.2545153041805919
130,2. SARSA + Planning,1,-8,0,0.7729816956731314
131,2. SARSA + Planning,1,-10,2,2.226538226460227
132,2. SARSA + Planning,1,-97,3,1.1082613541740791
133,2. SARSA + Planning,1,12,0,0.9915344585935387
134,2. SARSA + Planning,1,2,0,0.6187875326885577
135,2. SARSA + Planning,1,-31,3,1.7710273970341268
136,2. SARSA + Planning,1,-16,1,1.2079237413508197
137,2. SARSA + Planning,1,6,0,3.2111674215872887
138,2. SARSA + Planning,1,-20,1,1.1065793402982296
139,2. SARSA + Planning,1,-17,1,1.0632291624380752
140,2. SARSA + Planning,1,-38,1,0.9640962005425067
141,2. SARSA + Planning,1,-49,1,1.1023280890567293
142,2. SARSA + Planning,1,6,0,3.6848255726555967
143,2. SARSA + Planning,1,-8,1,1.1658635367309256
144,2. SARSA + Planning,1,-20,2,1.9447181953375798
145,2. SARSA + Planning,1,9,0,0.6117210253937323
146,2. SARSA + Planning,1,-281,9,1.2753055197396679
147,2. SARSA + Planning,1,-254,6,1.1016355129216622
148,2. SARSA + Planning,1,11,0,0.6308593963089949
149,2. SARSA + Planning,1,-35,3,1.6592337845796024
150,2. SARSA + Planning,1,-59,2,1.061213470550974
151,2. SARSA + Planning,1,9,0,1.1294278811054481
152,2. SARSA + Planning,1,10,0,0.6907227188765026
153,2. SARSA + Planning,1,-68,3,1.3214302704827552
154,2. SARSA + Planning,1,-64,3,1.2187382110867562
155,2. SARSA + Planning,1,12,0,0.5460861968216927
156,2. SARSA + Planning,1,-254,6,1.1234413127801626
157,2. SARSA + Planning,1,8,0,0.8717844379082297
158,2. SARSA + Planning,1,-308,12,1.3479366826535695
159,2. SARSA + Planning,1,-25,3,2.285961429706016
160,2. SARSA + Planning,1,5,0,0.6506067168709848
161,2. SARSA + Planning,1,-2,0,1.0065901004521465
162,2. SARSA + Planning,1,-85,4,1.2941290648751473
163,2. SARSA + Planning,1,3,0,0.6629094535929981
164,2. SARSA + Planning,1,12,0,0.43782374797356316
165,2. SARSA + Planning,1,3,1,2.385386758230231
166,2. SARSA + Planning,1,10,0,0.6619396117655746
167,2. SARSA + Planning,1,4,1,1.0950554829704437
168,2. SARSA + Planning,1,2,1,2.6448674735945774
169,2. SARSA + Planning,1,-42,1,1.0125958493611278
170,2. SARSA + Planning,1,2,0,0.736424945229474
171,2. SARSA + Planning,1,-11,0,1.357934297550886
172,2. SARSA + Planning,1,-207,7,1.2356414756881706
173,2. SARSA + Planning,1,-14,2,1.8311577874209939
174,2. SARSA + Planning,1,-109,3,1.0888244002100358
175,2. SARSA + Planning,1,6,0,0.5388146451392739
176,2. SARSA + Planning,1,5,0,0.5798940024319077
177,2. SARSA + Planning,1,13,0,0.6735048194602146
178,2. SARSA + Planning,1,10,0,0.7037931914931487
179,2. SARSA + Planning,1,-26,1,1.013271699669232
180,2. SARSA + Planning,1,-51,2,1.1067840882153435
181,2. SARSA + Planning,1,-1,1,1.454719814439152
182,2. SARSA + Planning,1,12,0,0.39799179362576775
183,2. SARSA + Planning,1,0,1,0.5911268603516824
184,2. SARSA + Planning,1,-158,6,1.2349974226151588
185,2. SARSA + Planning,1,-24,1,1.0771413054075396
186,2. SARSA + Planning,1,0,1,1.3451827505451703
187,2. SARSA + Planning,1,6,0,0.6269574009683975
188,2. SARSA + Planning,1,-22,2,1.3811277864980422
189,2. SARSA + Planning,1,4,0,0.5956950984631127
190,2. SARSA + Planning,1,-22,2,1.4915667793022138
191,2. SARSA + Planning,1,-1,0,0.7577893710804138
192,2. SARSA + Planning,1,-9,0,0.787191029760724
193,2. SARSA + Planning,1,-63,2,1.1029778392280387
194,2. SARSA + Planning,1,4,0,2.1861926393827438
195,2. SARSA + Planning,1,-245,5,1.066662988049508
196,2. SARSA + Planning,1,-263,7,1.143123484929922
197,2. SARSA + Planning,1,5,0,0.776601889415091
198,2. SARSA + Planning,1,-21,2,1.413054868341126
199,2. SARSA + Planning,1,-35,2,1.227812177646924
200,2. SARSA + Planning,1,-6,1,1.2049949227782575
201,2. SARSA + Planning,1,-79,1,0.9111133517976064
202,2. SARSA + Planning,1,5,0,0.6205049728855472
203,2. SARSA + Planning,1,8,0,0.6310003140264618
204,2. SARSA + Planning,1,-199,9,1.3714269127395278
205,2. SARSA + Planning,1,-34,0,0.9337681789361251
206,2. SARSA + Planning,1,9,0,0.6773560316196637
207,2. SARSA + Planning,1,-41,1,1.0586430805955083
208,2. SARSA + Planning,1,-50,3,1.325329693372298
209,2. SARSA + Planning,1,4,0,0.8688277778193356
210,2. SARSA + Planning,1,8,0,0.5605644879969051
211,2. SARSA + Planning,1,-15,0,0.7441636625532575
212,2. SARSA + Planning,1,-18,1,1.042019594925193
213,2. SARSA + Planning,1,-216,6,1.117072984245758
214,2. SARSA + Planning,1,-8,0,0.782837899250547
215,2. SARSA + Planning,1,-25,1,0.9907443809359769
216,2. SARSA + Planning,1,-126,3,1.0379512691933581
217,2. SARSA + Planning,1,1,1,0.5893027315759858
218,2. SARSA + Planning,1,-2,0,0.8329588318044713
219,2. SARSA + Planning,1,12,0,0.48600118199897896
220,2. SARSA + Planning,1,-24,2,1.5192309336563505
221,2. SARSA + Planning,1,-37,2,1.1256743598041767
222,2. SARSA + Planning,1,8,0,0.5958113485676819
223,2. SARSA + Planning,1,-83,3,1.10265992931814
224,2. SARSA + Planning,1,-101,4,1.2147843167710768
225,2. SARSA + Planning,1,13,0,0.39165075299670415
226,2. SARSA + Planning,1,-108,5,1.2854674928766752
227,2. SARSA + Planning,1,9,0,0.5236567553920638
228,2. SARSA + Planning,1,-52,1,0.9331381372202259
229,2. SARSA + Planning,1,-86,3,1.160059721912019
230,2. SARSA + Planning,1,-58,3,1.2971537272033988
231,2. SARSA + Planning,1,-55,2,1.042295443198895
232,2. SARSA + Planning,1,8,0,0.8565944850145525
233,2. SARSA + Planning,1,7,0,0.7052646066164348
234,2. SARSA + Planning,1,-43,2,1.1166883079312486
235,2. SARSA + Planning,1,10,0,0.5541960177638092
236,2. SARSA + Planning,1,-31,1,0.9210298875156185
237,2. SARSA + Planning,1,-106,3,1.0417240222505126
238,2. SARSA + Planning,1,-28,2,1.2907043264832454
239,2. SARSA + Planning,1,-1,1,0.7061145407476146
240,2. SARSA + Planning,1,6,0,0.6662698843873494
241,2. SARSA + Planning,1,6,0,0.7122117230190999
242,2. SARSA + Planning,1,-14,1,1.9551613705393192
243,2. SARSA + Planning,1,-11,2,1.7132255497497682
244,2. SARSA + Planning,1,-151,6,1.190662593651815
245,2. SARSA + Planning,1,-4,1,1.504327543585213
246,2. SARSA + Planning,1,4,0,0.5408895826544854
247,2. SARSA + Planning,1,-22,1,0.9866387721033911
248,2. SARSA + Planning,1,-16,2,1.509087104921596
249,2. SARSA + Planning,1,-22,1,0.9069548331706063
250,2. SARSA + Planning,1,-10,0,0.688789838614874
251,2. SARSA + Planning,1,8,0,0.5951641250523407
252,2. SARSA + Planning,1,9,0,0.5812422552061999
253,2. SARSA + Planning,1,7,0,0.5164829976839759
254,2. SARSA + Planning,1,-93,5,1.3190329397546925
255,2. SARSA + Planning,1,-11,1,2.114048628682388
256,2. SARSA + Planning,1,6,0,0.6335087875178006
257,2. SARSA + Planning,1,-34,1,0.9485439054546743
258,2. SARSA + Planning,1,0,0,0.6427431657547279
259,2. SARSA + Planning,1,-35,2,2.0408448754086463
260,2. SARSA + Planning,1,12,0,0.4067463309453517
261,2. SARSA + Planning,1,8,0,0.5328382377569663
262,2. SARSA + Planning,1,-7,0,0.6508910200953543
263,2. SARSA + Planning,1,-16,1,1.0148079991607672
264,2. SARSA + Planning,1,10,0,0.7044576152784757
265,2. SARSA + Planning,1,-97,3,1.0589007933956824
266,2. SARSA + Planning,1,-1,1,1.4655181012148835
267,2. SARSA + Planning,1,-15,1,1.6564458534452213
268,2. SARSA + Planning,1,10,0,0.383179741796803
269,2. SARSA + Planning,1,-1,1,0.4525370429966213
270,2. SARSA + Planning,1,10,0,0.5017398794504561
271,2. SARSA + Planning,1,-31,1,0.6861648858090731
272,2. SARSA + Planning,1,9,0,0.4299079107227611
273,2. SARSA + Planning,1,-10,0,0.7327149532932776
274,2. SARSA + Planning,1,-21,1,0.9047075122098424
275,2. SARSA + Planning,1,-134,4,1.1391153799462963
276,2. SARSA + Planning,1,-10,0,0.8703273441119694
277,2. SARSA + Planning,1,10,0,0.559232586232414
278,2. SARSA + Planning,1,9,0,0.604486725463453
279,2. SARSA + Planning,1,-1,1,1.2557891716278877
280,2. SARSA + Planning,1,-25,2,1.3419095861080321
281,2. SARSA + Planning,1,-55,2,1.1150351463199735
282,2. SARSA + Planning,1,-77,2,1.2172189926738202
283,2. SARSA + Planning,1,-5,1,1.2891218334933254
284,2. SARSA + Planning,1,-14,0,0.6605999594632582
285,2. SARSA + Planning,1,-5,1,2.3396944310602468
286,2. SARSA + Planning,1,-19,1,0.9735693588832004
287,2. SARSA + Planning,1,-19,1,1.030672111728747
288,2. SARSA + Planning,1,11,0,0.37641934750303496
289,2. SARSA + Planning,1,5,0,0.6168074167977843
290,2. SARSA + Planning,1,8,0,0.6759170638278774
291,2. SARSA + Planning,1,-20,2,2.469047952080209
292,2. SARSA + Planning,1,15,0,0.366972405421732
293,2. SARSA + Planning,1,-23,1,0.8338730398691249
294,2. SARSA + Planning,1,-10,1,0.9538692108977965
295,2. SARSA + Planning,1,-1,1,1.431728761461481
296,2. SARSA + Planning,1,2,0,0.5211413218616818
297,2. SARSA + Planning,1,3,0,0.6666545581172815
298,2. SARSA + Planning,1,-5,1,1.7133027753116006
299,2. SARSA + Planning,1,11,0,0.4507196326085884
300,2. SARSA + Planning,1,-10,1,1.0395611329471661
301,2. SARSA + Planning,1,1,0,0.5704207449208442
302,2. SARSA + Planning,1,6,0,0.3856038839388335
303,2. SARSA + Planning,1,-1,0,1.0901286029254866
304,2. SARSA + Planning,1,13,0,0.5001004303649754
305,2. SARSA + Planning,1,5,0,0.546928480149957
306,2. SARSA + Planning,1,-45,1,0.900662262471491
307,2. SARSA + Planning,1,-22,2,1.4562269878020981
308,2. SARSA + Planning,1,-17,0,0.859233554162174
309,2. SARSA + Planning,1,7,0,0.5857756389982937
310,2. SARSA + Planning,1,8,0,0.4121424695402984
311,2. SARSA + Planning,1,2,0,0.6689813766817683
312,2. SARSA + Planning,1,7,0,0.48920724401790583
313,2. SARSA + Planning,1,1,0,0.5762919723519309
314,2. SARSA + Planning,1,14,0,0.39035305408020243
315,2. SARSA + Planning,1,12,0,0.3310193290370916
316,2. SARSA + Planning,1,-86,3,1.3635685157082207
317,2. SARSA + Planning,1,10,0,0.588760233941453
318,2. SARSA + Planning,1,2,1,1.5127561944362662
319,2. SARSA + Planning,1,-6,1,0.5855365586638643
320,2. SARSA + Planning,1,0,0,0.5345085129213355
321,2. SARSA + Planning,1,-2,1,1.6214412549803356
322,2. SARSA + Planning,1,-19,2,1.5390850746329712
323,2. SARSA + Planning,1,-8,0,0.727010241457659
324,2. SARSA + Planning,1,7,0,0.713733497531395
325,2. SARSA + Planning,1,-25,1,0.9369137106468557
326,2. SARSA + Planning,1,-101,2,0.9262529602048881
327,2. SARSA + Planning,1,-2,1,1.0727472596965753
328,2. SARSA + Planning,1,-113,5,1.257975239165859
329,2. SARSA + Planning,1,-6,0,0.567388294664198
330,2. SARSA + Planning,1,-3,1,1.262397679217852
331,2. SARSA + Planning,1,-102,1,1.0974827871605577
332,2. SARSA + Planning,1,-9,1,1.0693488818315775
333,2. SARSA + Planning,1,0,0,0.7673303893457305
334,2. SARSA + Planning,1,-24,2,1.2908627228938405
335,2. SARSA + Planning,1,-11,1,1.1553925336655748
336,2. SARSA + Planning,1,-13,1,0.9879154204852836
337,2. SARSA + Planning,1,-13,1,1.1193147269393569
338,2. SARSA + Planning,1,6,0,0.6453333598571173
339,2. SARSA + Planning,1,-3,0,0.6260820018155537
340,2. SARSA + Planning,1,1,0,0.5199305107071843
341,2. SARSA + Planning,1,-3,1,1.0288398705791313
342,2. SARSA + Planning,1,14,0,0.4160662944509909
343,2. SARSA + Planning,1,6,0,0.493214443478266
344,2. SARSA + Planning,1,6,0,0.5718057516269133
345,2. SARSA + Planning,1,9,0,0.7819606872969537
346,2. SARSA + Planning,1,10,0,0.3959888872170085
347,2. SARSA + Planning,1,-21,1,0.9236209427159712
348,2. SARSA + Planning,1,4,0,0.5027597644246946
349,2. SARSA + Planning,1,5,0,0.48125042321282585
350,2. SARSA + Planning,1,-85,1,0.851196705379818
351,2. SARSA + Planning,1,5,0,2.202414372117546
352,2. SARSA + Planning,1,-1,1,1.3058744101187054
353,2. SARSA + Planning,1,12,0,0.2519869282844026
354,2. SARSA + Planning,1,-74,4,1.298063747706495
355,2. SARSA + Planning,1,2,0,0.5375748423443805
356,2. SARSA + Planning,1,8,0,0.550883208883818
357,2. SARSA + Planning,1,-5,1,1.15277521765335
358,2. SARSA + Planning,1,4,0,0.5636145440241668
359,2. SARSA + Planning,1,-116,5,1.1931905866115755
360,2. SARSA + Planning,1,4,0,0.5155957103449006
361,2. SARSA + Planning,1,-12,0,0.6957622821189059
362,2. SARSA + Planning,1,-134,4,1.06491807474636
363,2. SARSA + Planning,1,0,0,0.6013775987241049
364,2. SARSA + Planning,1,5,0,0.5302772536714538
365,2. SARSA + Planning,1,10,0,0.356661877396439
366,2. SARSA + Planning,1,2,0,0.6280441963446667
367,2. SARSA + Planning,1,-14,1,0.8713162256571766
368,2. SARSA + Planning,1,-43,2,1.1883808354074303
369,2. SARSA + Planning,1,10,0,0.837834566440661
370,2. SARSA + Planning,1,1,0,0.5297051676044955
371,2. SARSA + Planning,1,3,0,1.704091926275666
372,2. SARSA + Planning,1,-2,1,1.0900514736183602
373,2. SARSA + Planning,1,1,1,0.5487526687848824
374,2. SARSA + Planning,1,-2,1,0.33482032955508245
375,2. SARSA + Planning,1,-10,2,1.2281777708787904
376,2. SARSA + Planning,1,-12,1,1.0922075013008419
377,2. SARSA + Planning,1,-8,1,1.1746570390390612
378,2. SARSA + Planning,1,3,0,0.6345533151469546
379,2. SARSA + Planning,1,-67,1,0.929190129184402
380,2. SARSA + Planning,1,6,0,0.5411648163583421
381,2. SARSA + Planning,1,-3,1,1.0443304172745282
382,2. SARSA + Planning,1,-7,1,1.0368558791307703
383,2. SARSA + Planning,1,-1,1,0.4589725822169157
384,2. SARSA + Planning,1,2,0,0.4526565818700889
385,2. SARSA + Planning,1,-41,1,0.9308442178663496
386,2. SARSA + Planning,1,-12,2,1.5783605299025518
387,2. SARSA + Planning,1,-28,1,1.0481915467156395
388,2. SARSA + Planning,1,-1,1,1.152203819706567
389,2. SARSA + Planning,1,-19,2,1.380650458681048
390,2. SARSA + Planning,1,-39,1,0.9479514888579448
391,2. SARSA + Planning,1,5,0,0.6710010367348336
392,2. SARSA + Planning,1,4,0,0.5319307645874416
393,2. SARSA + Planning,1,-30,2,1.1035009987451787
394,2. SARSA + Planning,1,-45,2,1.07907885743423
395,2. SARSA + Planning,1,1,0,0.7474980196214875
396,2. SARSA + Planning,1,-35,3,1.5465126779539
397,2. SARSA + Planning,1,-2,1,1.2666989975099336
398,2. SARSA + Planning,1,-4,1,1.240570233907108
399,2. SARSA + Planning,1,10,0,0.514224985998843
400,2. SARSA + Planning,1,3,0,0.5280142837963164
401,2. SARSA + Planning,1,-57,4,1.4975918487980222
402,2. SARSA + Planning,1,13,0,0.4237998688186012
403,2. SARSA + Planning,1,12,0,0.6939972583189513
404,2. SARSA + Planning,1,-46,3,1.0518776801317427
405,2. SARSA + Planning,1,-65,1,0.8772422077861527
406,2. SARSA + Planning,1,-18,0,0.6905460046645885
407,2. SARSA + Planning,1,2,0,0.7634280555512191
408,2. SARSA + Planning,1,-5,0,0.7490250709561199
409,2. SARSA + Planning,1,8,0,0.6404091840378322
410,2. SARSA + Planning,1,13,0,0.5235758307790186
411,2. SARSA + Planning,1,9,0,0.3706809305229413
412,2. SARSA + Planning,1,-218,2,0.8939455329020549
413,2. SARSA + Planning,1,2,1,1.5375164108069028
414,2. SARSA + Planning,1,5,0,2.443808093680204
415,2. SARSA + Planning,1,5,0,0.49887737335816185
416,2. SARSA + Planning,1,6,0,0.5384671892009714
417,2. SARSA + Planning,1,-4,0,0.6515531185934416
418,2. SARSA + Planning,1,5,0,0.47095181625389637
419,2. SARSA + Planning,1,-188,5,1.0326143462833473
420,2. SARSA + Planning,1,-64,1,0.8965513311717499
421,2. SARSA + Planning,1,-1,1,1.2006863529620555
422,2. SARSA + Planning,1,10,0,0.46340250282589307
423,2. SARSA + Planning,1,-47,2,0.8840128030165095
424,2. SARSA + Planning,1,9,0,0.48833494899517976
425,2. SARSA + Planning,1,-1,0,0.5668484731709093
426,2. SARSA + Planning,1,-3,1,0.45210294928347056
427,2. SARSA + Planning,1,10,0,0.5886343535307088
428,2. SARSA + Planning,1,-1,1,1.4467142546734353
429,2. SARSA + Planning,1,0,0,0.5797049474286354
430,2. SARSA + Planning,1,-13,0,0.7331699692672761
431,2. SARSA + Planning,1,9,0,0.5256413534100821
432,2. SARSA + Planning,1,-13,0,0.8948832971837875
433,2. SARSA + Planning,1,1,0,0.560148271307904
434,2. SARSA + Planning,1,5,0,0.5203827648033656
435,2. SARSA + Planning,1,11,0,0.3166500113059484
436,2. SARSA + Planning,1,-47,2,1.0895420480871647
437,2. SARSA + Planning,1,12,0,0.7478921101466194
438,2. SARSA + Planning,1,-4,1,1.3763126677048765
439,2. SARSA + Planning,1,-2,1,1.230896919947454
440,2. SARSA + Planning,1,3,0,0.5349814308572278
441,2. SARSA + Planning,1,-2,1,1.9982605615882865
442,2. SARSA + Planning,1,-5,1,1.2403210550012416
443,2. SARSA + Planning,1,10,0,0.45778671011580285
444,2. SARSA + Planning,1,6,0,0.5747812060733779
445,2. SARSA + Planning,1,-10,1,0.8636098200271434
446,2. SARSA + Planning,1,8,0,0.6898209697866146
447,2. SARSA + Planning,1,-12,2,1.1185184567277444
448,2. SARSA + Planning,1,2,0,0.5210592993120193
449,2. SARSA + Planning,1,10,0,0.5128791814896825
450,2. SARSA + Planning,1,6,0,0.5346804458162961
451,2. SARSA + Planning,1,-38,1,0.8981664856841963
452,2. SARSA + Planning,1,5,0,0.5345750312836324
453,2. SARSA + Planning,1,-17,0,0.8373416858657484
454,2. SARSA + Planning,1,-14,1,0.9898592718067641
455,2. SARSA + Planning,1,1,1,1.2903746594646957
456,2. SARSA + Planning,1,-7,0,0.6603684010116863
457,2. SARSA + Planning,1,-5,1,1.122121385425283
458,2. SARSA + Planning,1,-12,1,1.044242763808455
459,2. SARSA + Planning,1,-10,0,0.6842027543709969
460,2. SARSA + Planning,1,0,1,1.2832361470650422
461,2. SARSA + Planning,1,10,0,0.3436603462086565
462,2. SARSA + Planning,1,9,0,0.44793275491560064
463,2. SARSA + Planning,1,-19,1,1.0523908005530407
464,2. SARSA + Planning,1,0,0,0.5089012013087534
465,2. SARSA + Planning,1,9,0,0.39836224807109644
466,2. SARSA + Planning,1,10,0,0.3361493262272104
467,2. SARSA + Planning,1,-3,1,1.0500435060056024
468,2. SARSA + Planning,1,-6,1,0.9374595100788965
469,2. SARSA + Planning,1,8,0,0.6215980435267583
470,2. SARSA + Planning,1,-18,1,1.995814842208449
471,2. SARSA + Planning,1,-19,0,0.7286581040267032
472,2. SARSA + Planning,1,-4,1,0.9814873144462029
473,2. SARSA + Planning,1,-8,2,1.2547475481811403
474,2. SARSA + Planning,1,-78,4,1.3061214970644834
475,2. SARSA + Planning,1,-3,1,1.0193887403497657
476,2. SARSA + Planning,1,-3,1,1.331212386662588
477,2. SARSA + Planning,1,-107,3,1.0150252084484779
478,2. SARSA + Planning,1,-7,1,0.47798933176984665
479,2. SARSA + Planning,1,8,0,0.40510257132958133
480,2. SARSA + Planning,1,-23,2,1.3354671236073608
481,2. SARSA + Planning,1,12,0,0.5997561667634145
482,2. SARSA + Planning,1,-19,0,0.7550232845233892
483,2. SARSA + Planning,1,-22,1,0.9265726111241187
484,2. SARSA + Planning,1,3,0,0.5077476957439331
485,2. SARSA + Planning,1,-75,2,0.9186229840567233
486,2. SARSA + Planning,1,-17,1,0.8656986573018604
487,2. SARSA + Planning,1,13,0,0.308768887388297
488,2. SARSA + Planning,1,7,0,0.5518122821450382
489,2. SARSA + Planning,1,9,0,0.6296824216324514
490,2. SARSA + Planning,1,6,0,0.36002027798935543
491,2. SARSA + Planning,1,8,0,0.36963584435390384
492,2. SARSA + Planning,1,-12,2,1.7192553163951072
493,2. SARSA + Planning,1,-22,1,0.9583560379439531
494,2. SARSA + Planning,1,7,0,0.36000897344269234
495,2. SARSA + Planning,1,-40,1,0.8566366825176217
496,2. SARSA + Planning,1,-120,3,0.9686494806805631
497,2. SARSA + Planning,1,-15,2,1.5140560160291565
498,2. SARSA + Planning,1,12,0,0.40253701579210144
499,2. SARSA + Planning,1,0,0,0.5083705226860677
500,2. SARSA + Planning,1,-9,1,0.991678706905877
1,3. SARSA + Kernel,1,-551,39,2.6641491405837803
2,3. SARSA + Kernel,1,-542,38,2.618221478383629
3,3. SARSA + Kernel,1,-542,38,2.627269279460778
4,3. SARSA + Kernel,1,-533,37,2.5716754606160883
5,3. SARSA + Kernel,1,-434,26,2.093632241583691
6,3. SARSA + Kernel,1,-299,11,1.432913056084283
7,3. SARSA + Kernel,1,-578,42,2.7877302215232747
8,3. SARSA + Kernel,1,-542,38,2.6191942036251055
9,3. SARSA + Kernel,1,-551,39,2.647720225395712
10,3. SARSA + Kernel,1,-398,22,1.9190181560030728
11,3. SARSA + Kernel,1,-551,39,2.6641854932197306
12,3. SARSA + Kernel,1,-452,28,2.178565450712647
13,3. SARSA + Kernel,1,-211,11,1.8380550358423375
14,3. SARSA + Kernel,1,-461,29,2.229323730233211
15,3. SARSA + Kernel,1,-470,30,2.2750611810063663
16,3. SARSA + Kernel,1,-115,7,2.064482383518094
17,3. SARSA + Kernel,1,-301,18,2.0567287493581445
18,3. SARSA + Kernel,1,-371,19,1.7637192540350362
19,3. SARSA + Kernel,1,-362,18,1.7432115254083715
20,3. SARSA + Kernel,1,-317,13,1.5068386782265963
21,3. SARSA + Kernel,1,-452,28,2.1766772568062756
22,3. SARSA + Kernel,1,-371,19,1.7806829707636331
23,3. SARSA + Kernel,1,-479,31,2.308466726931337
24,3. SARSA + Kernel,1,-551,39,2.6610201984040884
25,3. SARSA + Kernel,1,-335,15,1.6042666276469628
26,3. SARSA + Kernel,1,-362,18,1.7468162356048602
27,3. SARSA + Kernel,1,-551,39,2.660934058980077
28,3. SARSA + Kernel,1,-335,15,1.609521228331069
29,3. SARSA + Kernel,1,-533,37,2.5679367983106456
30,3. SARSA + Kernel,1,-353,17,1.6825436554969138
31,3. SARSA + Kernel,1,-261,13,1.7422987541396824
32,3. SARSA + Kernel,1,-380,20,1.8443385806539183
33,3. SARSA + Kernel,1,-380,20,1.8167084896494388
34,3. SARSA + Kernel,1,-353,17,1.7035298733071849
35,3. SARSA + Kernel,1,-353,17,1.6844545141609393
36,3. SARSA + Kernel,1,-560,40,2.705726848311001
37,3. SARSA + Kernel,1,-434,26,2.0865249120927416
38,3. SARSA + Kernel,1,-371,19,1.7989640239179563
39,3. SARSA + Kernel,1,-353,17,1.6785076130142027
40,3. SARSA + Kernel,1,-371,19,1.7817100461067752
41,3. SARSA + Kernel,1,-353,17,1.7127047540222111
42,3. SARSA + Kernel,1,-353,17,1.678938047651896
43,3. SARSA + Kernel,1,-290,10,1.3726915374093425
44,3. SARSA + Kernel,1,-380,20,1.8020509563892089
45,3. SARSA + Kernel,1,-353,17,1.6862507402743498
46,3. SARSA + Kernel,1,-326,14,1.5779338398871
47,3. SARSA + Kernel,1,-335,15,1.597919943213947
48,3. SARSA + Kernel,1,-362,18,1.7375713771454622
49,3. SARSA + Kernel,1,-299,11,1.416564263401126
50,3. SARSA + Kernel,1,-389,21,1.854136688060466
51,3. SARSA + Kernel,1,-398,22,1.9186230299566716
52,3. SARSA + Kernel,1,-317,13,1.4921431345578346
53,3. SARSA + Kernel,1,-380,20,1.8400136539475556
54,3. SARSA + Kernel,1,-380,20,1.8091992766350737
55,3. SARSA + Kernel,1,-317,13,1.4898203525177738
56,3. SARSA + Kernel,1,-353,17,1.6822859751229677
57,3. SARSA + Kernel,1,-281,9,1.3417118503781091
58,3. SARSA + Kernel,1,-14,1,1.896224493080518
59,3. SARSA + Kernel,1,-308,12,1.4583554991804875
60,3. SARSA + Kernel,1,-344,16,1.6372404070763151
61,3. SARSA + Kernel,1,8,0,2.2291441264777645
62,3. SARSA + Kernel,1,-335,15,1.6007719104228355
63,3. SARSA + Kernel,1,-245,5,1.138331087629426
64,3. SARSA + Kernel,1,-335,15,1.6083910528517402
65,3. SARSA + Kernel,1,-196,7,1.4058967174819956
66,3. SARSA + Kernel,1,-290,10,1.3650949815796616
67,3. SARSA + Kernel,1,-191,9,1.657166374888291
68,3. SARSA + Kernel,1,-150,4,1.3093239841564983
69,3. SARSA + Kernel,1,-236,4,1.0827563887761658
70,3. SARSA + Kernel,1,-245,5,1.136567432400808
71,3. SARSA + Kernel,1,-290,10,1.3736437095322025
72,3. SARSA + Kernel,1,-103,2,1.2251353448567257
73,3. SARSA + Kernel,1,-308,12,1.4412430375892415
74,3. SARSA + Kernel,1,-281,9,1.3135211219351408
75,3. SARSA + Kernel,1,-380,20,1.8125143883251729
76,3. SARSA + Kernel,1,-254,6,1.1869830833632162
77,3. SARSA + Kernel,1,-290,10,1.3466953812756166
78,3. SARSA + Kernel,1,-407,23,1.9640786412175857
79,3. SARSA + Kernel,1,-116,6,1.7460157380517867
80,3. SARSA + Kernel,1,-344,16,1.6319833612172443
81,3. SARSA + Kernel,1,-317,13,1.5118660665288053
82,3. SARSA + Kernel,1,-308,12,1.4403859894316826
83,3. SARSA + Kernel,1,-308,12,1.4655038485268599
84,3. SARSA + Kernel,1,-236,4,1.0759164600111715
85,3. SARSA + Kernel,1,-326,14,1.5402099409646701
86,3. SARSA + Kernel,1,-276,13,1.6755191281034125
87,3. SARSA + Kernel,1,-371,19,1.7481337090103424
88,3. SARSA + Kernel,1,-272,8,1.2739624895751196
89,3. SARSA + Kernel,1,-299,11,1.420505552876053
90,3. SARSA + Kernel,1,-353,17,1.6637080619547322
91,3. SARSA + Kernel,1,-281,9,1.3079424661408898
92,3. SARSA + Kernel,1,-49,2,1.5917236517694475
93,3. SARSA + Kernel,1,-203,6,1.3431112977833919
94,3. SARSA + Kernel,1,-236,4,1.090677819623131
95,3. SARSA + Kernel,1,-203,8,1.4880408842136814
96,3. SARSA + Kernel,1,-54,1,1.2840924484153569
97,3. SARSA + Kernel,1,-263,7,1.226715124639992
98,3. SARSA + Kernel,1,-281,9,1.3094535329228534
99,3. SARSA + Kernel,1,-263,11,1.5491028249658134
100,3. SARSA + Kernel,1,-200,5,1.234966821540426
101,3. SARSA + Kernel,1,-245,5,1.1398620473264003
102,3. SARSA + Kernel,1,-230,8,1.380275324690538
103,3. SARSA + Kernel,1,-254,6,1.1563834274189795
104,3. SARSA + Kernel,1,-268,11,1.4855414225353427
105,3. SARSA + Kernel,1,-290,10,1.3605396842233666
106,3. SARSA + Kernel,1,-254,6,1.161253611291469
107,3. SARSA + Kernel,1,-201,8,1.4632747583737562
108,3. SARSA + Kernel,1,-284,12,1.4869132099759101
109,3. SARSA + Kernel,1,-3,0,1.4980136411189846
110,3. SARSA + Kernel,1,-317,13,1.4949530271105267
111,3. SARSA + Kernel,1,-158,4,1.2528675720563516
112,3. SARSA + Kernel,1,-213,6,1.3093429345143264
113,3. SARSA + Kernel,1,-290,10,1.331170292942274
114,3. SARSA + Kernel,1,-227,8,1.3761437170736486
115,3. SARSA + Kernel,1,-281,9,1.2961591579006662
116,3. SARSA + Kernel,1,-272,8,1.2370369501741576
117,3. SARSA + Kernel,1,-237,8,1.3878464322491808
118,3. SARSA + Kernel,1,-117,4,1.4232644653236213
119,3. SARSA + Kernel,1,-272,8,1.2446791338031407
120,3. SARSA + Kernel,1,-254,6,1.158074172419737
121,3. SARSA + Kernel,1,-235,8,1.3253600898471247
122,3. SARSA + Kernel,1,-245,5,1.110882366522579
123,3. SARSA + Kernel,1,-213,8,1.4573479200715282
124,3. SARSA + Kernel,1,-299,11,1.3727412823238594
125,3. SARSA + Kernel,1,-100,4,1.4394936215611491
126,3. SARSA + Kernel,1,-263,7,1.199254044788954
127,3. SARSA + Kernel,1,-290,10,1.3240695186013236
128,3. SARSA + Kernel,1,-308,15,1.6470244325389112
129,3. SARSA + Kernel,1,-19,1,1.5639624270897658
130,3. SARSA + Kernel,1,-299,11,1.373181253137456
131,3. SARSA + Kernel,1,-208,9,1.5339829427716345
132,3. SARSA + Kernel,1,-205,7,1.3519785175062056
133,3. SARSA + Kernel,1,-135,4,1.3273189922556738
134,3. SARSA + Kernel,1,-233,9,1.4530641569468883
135,3. SARSA + Kernel,1,-44,0,1.0997914492116292
136,3. SARSA + Kernel,1,-197,7,1.3702233176463048
137,3. SARSA + Kernel,1,-281,9,1.2720396782397168
138,3. SARSA + Kernel,1,-180,6,1.3739164343786414
139,3. SARSA + Kernel,1,-272,8,1.2229633202374652
140,3. SARSA + Kernel,1,-272,8,1.22685353044485
141,3. SARSA + Kernel,1,-176,6,1.335124345611212
142,3. SARSA + Kernel,1,-299,11,1.3500671384003295
143,3. SARSA + Kernel,1,-156,3,1.2006253268087888
144,3. SARSA + Kernel,1,-281,9,1.2671550398578608
145,3. SARSA + Kernel,1,-9,1,1.8895192157641882
146,3. SARSA + Kernel,1,-245,5,1.1054007564684165
147,3. SARSA + Kernel,1,-189,8,1.4036589610500485
148,3. SARSA + Kernel,1,-308,12,1.4290705813988558
149,3. SARSA + Kernel,1,-290,10,1.3118715731477133
150,3. SARSA + Kernel,1,-254,6,1.1366791303081643
151,3. SARSA + Kernel,1,-281,9,1.3101105786046634
152,3. SARSA + Kernel,1,-299,11,1.3351873206186156
153,3. SARSA + Kernel,1,-204,8,1.4596587699417942
154,3. SARSA + Kernel,1,-308,12,1.389168742550884
155,3. SARSA + Kernel,1,-16,0,1.3002914773568293
156,3. SARSA + Kernel,1,-299,11,1.352815332211149
157,3. SARSA + Kernel,1,-299,11,1.3619228268732733
158,3. SARSA + Kernel,1,-290,10,1.292745638957925
159,3. SARSA + Kernel,1,-145,8,1.7287477015261727
160,3. SARSA + Kernel,1,-281,9,1.2814204956733506
161,3. SARSA + Kernel,1,-308,12,1.37869056426391
162,3. SARSA + Kernel,1,-183,9,1.5411543860449552
163,3. SARSA + Kernel,1,-326,14,1.4873451757353024
164,3. SARSA + Kernel,1,-143,3,1.1593045908955235
165,3. SARSA + Kernel,1,-13,1,1.780619683807335
166,3. SARSA + Kernel,1,-91,3,1.3192223456752412
167,3. SARSA + Kernel,1,-254,6,1.16225902433437
168,3. SARSA + Kernel,1,-148,5,1.317321302727005
169,3. SARSA + Kernel,1,-172,6,1.3428999159164385
170,3. SARSA + Kernel,1,-197,8,1.4092619976871235
171,3. SARSA + Kernel,1,-335,15,1.5062545239290785
172,3. SARSA + Kernel,1,-45,3,1.6915160622202228
173,3. SARSA + Kernel,1,-106,2,1.1399102380047865
174,3. SARSA + Kernel,1,-102,5,1.5648348741900442
175,3. SARSA + Kernel,1,-174,8,1.558880149515217
176,3. SARSA + Kernel,1,-59,3,1.6592740812323246
177,3. SARSA + Kernel,1,-13,2,2.758715193075468
178,3. SARSA + Kernel,1,-195,9,1.5539954562984946
179,3. SARSA + Kernel,1,-15,0,1.211565387843823
180,3. SARSA + Kernel,1,-308,12,1.3729840922245955
181,3. SARSA + Kernel,1,-115,3,1.2547102826095562
182,3. SARSA + Kernel,1,-251,11,1.5124283212080956
183,3. SARSA + Kernel,1,-118,7,1.8471758398502829
184,3. SARSA + Kernel,1,-254,6,1.1393570621869076
185,3. SARSA + Kernel,1,-317,13,1.3882039556949408
186,3. SARSA + Kernel,1,-71,1,1.1203242866037242
187,3. SARSA + Kernel,1,-155,4,1.2118904696026562
188,3. SARSA + Kernel,1,-214,7,1.254623946056106
189,3. SARSA + Kernel,1,-144,2,1.056220897843505
190,3. SARSA + Kernel,1,-290,10,1.2918851576959298
191,3. SARSA + Kernel,1,-127,6,1.5021775905534558
192,3. SARSA + Kernel,1,-308,12,1.3606118862499945
193,3. SARSA + Kernel,1,-99,3,1.1385819353193882
194,3. SARSA + Kernel,1,-166,6,1.2985897273915392
195,3. SARSA + Kernel,1,-308,12,1.3908190471713455
196,3. SARSA + Kernel,1,-211,5,1.1593679550362688
197,3. SARSA + Kernel,1,-281,9,1.2686165075230817
198,3. SARSA + Kernel,1,-123,1,1.0725040241541275
199,3. SARSA + Kernel,1,-335,15,1.5335454020890444
200,3. SARSA + Kernel,1,-67,1,1.0799873750005382
201,3. SARSA + Kernel,1,-92,2,1.1049772050657507
202,3. SARSA + Kernel,1,-66,1,1.1061771076868945
203,3. SARSA + Kernel,1,-189,7,1.3808562993062812
204,3. SARSA + Kernel,1,-290,10,1.2663490750687587
205,3. SARSA + Kernel,1,-317,13,1.406409723063213
206,3. SARSA + Kernel,1,-153,5,1.2755697452980477
207,3. SARSA + Kernel,1,-144,3,1.1320092726129325
208,3. SARSA + Kernel,1,-299,11,1.288233320716297
209,3. SARSA + Kernel,1,-253,10,1.4198152771987533
210,3. SARSA + Kernel,1,-149,6,1.3814212100089072
211,3. SARSA + Kernel,1,-226,7,1.2515708342734537
212,3. SARSA + Kernel,1,-40,0,0.9635800453226344
213,3. SARSA + Kernel,1,-326,14,1.4570073270133124
214,3. SARSA + Kernel,1,-263,7,1.10674729993066
215,3. SARSA + Kernel,1,-66,2,1.2412588590737967
216,3. SARSA + Kernel,1,-272,8,1.2148754150733263
217,3. SARSA + Kernel,1,-5,0,1.2690349101012925
218,3. SARSA + Kernel,1,-117,3,1.1901394526828202
219,3. SARSA + Kernel,1,-191,9,1.5509441112332338
220,3. SARSA + Kernel,1,-290,10,1.2528592123324847
221,3. SARSA + Kernel,1,-114,3,1.179506334034656
222,3. SARSA + Kernel,1,-151,9,1.8984398455712064
223,3. SARSA + Kernel,1,-107,6,1.7170483193324777
224,3. SARSA + Kernel,1,-299,11,1.339728380525417
225,3. SARSA + Kernel,1,-146,7,1.5644702723046562
226,3. SARSA + Kernel,1,-88,3,1.3007378849895483
227,3. SARSA + Kernel,1,-80,1,1.0904216757678913
228,3. SARSA + Kernel,1,-281,9,1.2357243524175638
229,3. SARSA + Kernel,1,-272,8,1.2001956349557548
230,3. SARSA + Kernel,1,-155,4,1.1619749138090978
231,3. SARSA + Kernel,1,-326,14,1.4509301236425285
232,3. SARSA + Kernel,1,-166,6,1.3685161784287285
233,3. SARSA + Kernel,1,-124,4,1.2475029395210262
234,3. SARSA + Kernel,1,-254,6,1.0823619929485482
235,3. SARSA + Kernel,1,-90,2,1.1702523956027797
236,3. SARSA + Kernel,1,-196,11,1.6747099805643526
237,3. SARSA + Kernel,1,-353,17,1.5835374092637369
238,3. SARSA + Kernel,1,-164,6,1.308223898502159
239,3. SARSA + Kernel,1,-12,0,1.1019315253839665
240,3. SARSA + Kernel,1,-91,5,1.6038307114608608
241,3. SARSA + Kernel,1,-46,2,1.3951667283719322
242,3. SARSA + Kernel,1,-197,4,1.0344925016987776
243,3. SARSA + Kernel,1,-281,9,1.2106542542196932
244,3. SARSA + Kernel,1,-308,12,1.3421614220997682
245,3. SARSA + Kernel,1,-83,6,2.0949552805732212
246,3. SARSA + Kernel,1,-317,13,1.3998232017347276
247,3. SARSA + Kernel,1,-245,5,1.013541562089855
248,3. SARSA + Kernel,1,-37,2,1.5374854994660372
249,3. SARSA + Kernel,1,-118,4,1.2226834261609099
250,3. SARSA + Kernel,1,-174,8,1.4489334109282248
251,3. SARSA + Kernel,1,-190,7,1.2969136781192916
252,3. SARSA + Kernel,1,-113,6,1.6326548949084834
253,3. SARSA + Kernel,1,-135,6,1.648694973161004
254,3. SARSA + Kernel,1,-326,14,1.4160801623243597
255,3. SARSA + Kernel,1,-153,5,1.2366226671784097
256,3. SARSA + Kernel,1,-94,4,1.5499489276559828
257,3. SARSA + Kernel,1,-184,5,1.1142797430968643
258,3. SARSA + Kernel,1,-94,4,1.407567004387612
259,3. SARSA + Kernel,1,-254,6,1.0808438489423708
260,3. SARSA + Kernel,1,-20,1,2.1998879849943753
261,3. SARSA + Kernel,1,-202,5,1.1423501230282243
262,3. SARSA + Kernel,1,-290,10,1.2894362632560175
263,3. SARSA + Kernel,1,-227,12,1.668380611408691
264,3. SARSA + Kernel,1,4,0,1.3429966342368265
265,3. SARSA + Kernel,1,-130,5,1.4809914124734618
266,3. SARSA + Kernel,1,-1,0,1.2617816524045085
267,3. SARSA + Kernel,1,-224,7,1.2258122479557685
268,3. SARSA + Kernel,1,-281,9,1.2090895505272463
269,3. SARSA + Kernel,1,-194,10,1.6087425940949533
270,3. SARSA + Kernel,1,-92,4,1.3618231370464173
271,3. SARSA + Kernel,1,-317,13,1.3747660680230565
272,3. SARSA + Kernel,1,-255,10,1.4108041566473002
273,3. SARSA + Kernel,1,-65,3,1.2831936474246948
274,3. SARSA + Kernel,1,-308,12,1.322456400972987
275,3. SARSA + Kernel,1,-204,6,1.3290950361055847
276,3. SARSA + Kernel,1,-165,6,1.2293007729890895
277,3. SARSA + Kernel,1,-82,3,1.4914074177609018
278,3. SARSA + Kernel,1,-141,8,1.7548489773099736
279,3. SARSA + Kernel,1,-151,7,1.4665960002080483
280,3. SARSA + Kernel,1,-111,2,1.2675031010884665
281,3. SARSA + Kernel,1,-142,2,0.9893638896278636
282,3. SARSA + Kernel,1,-308,12,1.3505622681462301
283,3. SARSA + Kernel,1,-286,15,1.649721756960474
284,3. SARSA + Kernel,1,-186,7,1.2648336922330028
285,3. SARSA + Kernel,1,-4,0,1.6919891224877281
286,3. SARSA + Kernel,1,-138,3,1.0791055272354297
287,3. SARSA + Kernel,1,-86,4,1.3788685239649556
288,3. SARSA + Kernel,1,-66,5,2.0782148101139635
289,3. SARSA + Kernel,1,-92,5,1.5236869681312832
290,3. SARSA + Kernel,1,7,0,1.5656817156173262
291,3. SARSA + Kernel,1,-58,0,0.9274574614790762
292,3. SARSA + Kernel,1,13,0,2.1052123773473843
293,3. SARSA + Kernel,1,-223,7,1.1597321761567414
294,3. SARSA + Kernel,1,-120,6,1.5443694583999386
295,3. SARSA + Kernel,1,-220,11,1.5548028749867162
296,3. SARSA + Kernel,1,-41,2,1.3509610443852822
297,3. SARSA + Kernel,1,-126,5,1.334163153247394
298,3. SARSA + Kernel,1,-27,3,3.5840079582003352
299,3. SARSA + Kernel,1,-52,4,2.011531543808039
300,3. SARSA + Kernel,1,-332,17,1.5953454657602768
301,3. SARSA + Kernel,1,-152,6,1.3054153531111412
302,3. SARSA + Kernel,1,-82,5,1.7277801103598962
303,3. SARSA + Kernel,1,-254,6,1.0938170541911603
304,3. SARSA + Kernel,1,14,0,2.2996220407810455
305,3. SARSA + Kernel,1,-124,5,1.3180371358092364
306,3. SARSA + Kernel,1,-28,1,1.2738109765339627
307,3. SARSA + Kernel,1,-30,0,1.1673629983437372
308,3. SARSA + Kernel,1,-67,3,1.3336514287209167
309,3. SARSA + Kernel,1,-22,1,2.2438604140092266
310,3. SARSA + Kernel,1,-153,3,0.994083112856575
311,3. SARSA + Kernel,1,-134,3,1.0742071124887516
312,3. SARSA + Kernel,1,-179,7,1.3306820583975132
313,3. SARSA + Kernel,1,-31,1,1.2302281485983617
314,3. SARSA + Kernel,1,12,0,1.8303341691875659
315,3. SARSA + Kernel,1,9,0,3.379162214043903
316,3. SARSA + Kernel,1,-272,8,1.155133198209671
317,3. SARSA + Kernel,1,-72,3,1.3585360674711375
318,3. SARSA + Kernel,1,2,1,2.4627680820356836
319,3. SARSA + Kernel,1,-8,0,1.0388350564284876
320,3. SARSA + Kernel,1,-55,2,1.26794202742387
321,3. SARSA + Kernel,1,-22,1,1.387279186316283
322,3. SARSA + Kernel,1,-51,1,1.0707999968276596
323,3. SARSA + Kernel,1,-185,8,1.3989804371104202
324,3. SARSA + Kernel,1,-98,4,1.266462216571388
325,3. SARSA + Kernel,1,-188,9,1.4940703422302444
326,3. SARSA + Kernel,1,-30,0,1.5176385920439888
327,3. SARSA + Kernel,1,-32,2,2.2076920631611876
328,3. SARSA + Kernel,1,-281,9,1.1977957666904533
329,3. SARSA + Kernel,1,-224,9,1.2715249452349384
330,3. SARSA + Kernel,1,-2,0,1.0815941208726598
331,3. SARSA + Kernel,1,-272,8,1.1497971832372336
332,3. SARSA + Kernel,1,-71,4,1.9831138725372308
333,3. SARSA + Kernel,1,-143,6,1.338998672040953
334,3. SARSA + Kernel,1,-281,9,1.2385026216878388
335,3. SARSA + Kernel,1,-42,1,1.049815855331431
336,3. SARSA + Kernel,1,-53,4,1.9454760389046097
337,3. SARSA + Kernel,1,-73,3,1.4033532395698523
338,3. SARSA + Kernel,1,-90,3,1.1999493730251447
339,3. SARSA + Kernel,1,-6,0,1.685388665107807
340,3. SARSA + Kernel,1,-65,2,1.1517108480410565
341,3. SARSA + Kernel,1,-92,2,1.0574023847938951
342,3. SARSA + Kernel,1,13,0,6.170038012020576
343,3. SARSA + Kernel,1,-66,3,1.392658787491874
344,3. SARSA + Kernel,1,-44,2,1.3644119428817372
345,3. SARSA + Kernel,1,-39,3,1.874927076952851
346,3. SARSA + Kernel,1,-67,0,0.8766319971665755
347,3. SARSA + Kernel,1,-254,6,1.1209339469761987
348,3. SARSA + Kernel,1,-156,6,1.2230319810961214
349,3. SARSA + Kernel,1,-246,10,1.2844815217943424
350,3. SARSA + Kernel,1,-25,0,0.9632065896208907
351,3. SARSA + Kernel,1,-41,2,1.3247539273524422
352,3. SARSA + Kernel,1,-163,7,1.377179283846806
353,3. SARSA + Kernel,1,11,0,1.5099970450241824
354,3. SARSA + Kernel,1,-236,4,0.9636716737874989
355,3. SARSA + Kernel,1,-42,2,1.2865963655704595
356,3. SARSA + Kernel,1,-192,8,1.3239166119564514
357,3. SARSA + Kernel,1,-113,1,0.91205094688716
358,3. SARSA + Kernel,1,-76,3,1.626351364401724
359,3. SARSA + Kernel,1,-117,1,0.897337825574912
360,3. SARSA + Kernel,1,-121,6,1.3977299176100262
361,3. SARSA + Kernel,1,-27,1,1.216088471804347
362,3. SARSA + Kernel,1,-51,2,1.2242412257436954
363,3. SARSA + Kernel,1,-110,5,1.3486806088549248
364,3. SARSA + Kernel,1,-113,5,1.2996428785660614
365,3. SARSA + Kernel,1,-72,3,1.280142665768942
366,3. SARSA + Kernel,1,-121,5,1.290110345246967
367,3. SARSA + Kernel,1,-90,1,1.103323260397468
368,3. SARSA + Kernel,1,-104,2,0.977824558839583
369,3. SARSA + Kernel,1,-43,3,1.5749025110657449
370,3. SARSA + Kernel,1,-140,7,1.522763299246741
371,3. SARSA + Kernel,1,-46,4,2.1523144562929275
372,3. SARSA + Kernel,1,-16,0,0.9201940899046903
373,3. SARSA + Kernel,1,-174,8,1.4305265835801315
374,3. SARSA + Kernel,1,-63,4,1.611601671534266
375,3. SARSA + Kernel,1,-2,1,1.8520785616712452
376,3. SARSA + Kernel,1,-97,4,1.2783292935633657
377,3. SARSA + Kernel,1,-160,7,1.2381532713798082
378,3. SARSA + Kernel,1,-100,5,1.3800639575990867
379,3. SARSA + Kernel,1,-29,1,1.2023055237053961
380,3. SARSA + Kernel,1,-72,1,0.9680800313905722
381,3. SARSA + Kernel,1,-98,4,1.290903566064196
382,3. SARSA + Kernel,1,-100,5,1.4474151191729296
383,3. SARSA + Kernel,1,-142,5,1.2039602862396543
384,3. SARSA + Kernel,1,-290,10,1.2125081501644521
385,3. SARSA + Kernel,1,-117,3,1.0679770853140733
386,3. SARSA + Kernel,1,-69,3,1.3536815717355921
387,3. SARSA + Kernel,1,-36,1,1.1295092266432054
388,3. SARSA + Kernel,1,-86,3,1.1183876765453085
389,3. SARSA + Kernel,1,-110,3,1.0669675804492333
390,3. SARSA + Kernel,1,-55,2,1.6838244354777359
391,3. SARSA + Kernel,1,-23,0,0.9297287456515687
392,3. SARSA + Kernel,1,0,0,1.3698773078639541
393,3. SARSA + Kernel,1,-85,3,1.567718265099778
394,3. SARSA + Kernel,1,-67,1,0.9559198080881578
395,3. SARSA + Kernel,1,-54,3,1.4356777879485545
396,3. SARSA + Kernel,1,-144,4,1.0834363405411185
397,3. SARSA + Kernel,1,-107,3,1.1180401860097309
398,3. SARSA + Kernel,1,-86,3,1.197295686438703
399,3. SARSA + Kernel,1,-7,1,1.682895146809805
400,3. SARSA + Kernel,1,-100,4,1.2782948098253004
401,3. SARSA + Kernel,1,-161,4,1.0317435864475653
402,3. SARSA + Kernel,1,4,0,1.321017252870122
403,3. SARSA + Kernel,1,1,1,4.0756529452900585
404,3. SARSA + Kernel,1,-54,2,1.3929831182101955
405,3. SARSA + Kernel,1,-137,3,0.9906951866096965
406,3. SARSA + Kernel,1,-107,7,1.7697205032183803
407,3. SARSA + Kernel,1,-165,8,1.427259195827148
408,3. SARSA + Kernel,1,-58,2,1.3694718608331031
409,3. SARSA + Kernel,1,-35,1,1.243348886369315
410,3. SARSA + Kernel,1,13,0,1.8041317946566886
411,3. SARSA + Kernel,1,3,0,1.0668033996479305
412,3. SARSA + Kernel,1,-253,9,1.201468928814395
413,3. SARSA + Kernel,1,4,1,2.6409288320027553
414,3. SARSA + Kernel,1,-114,6,1.5056170305228682
415,3. SARSA + Kernel,1,-79,3,1.1441059850740598
416,3. SARSA + Kernel,1,-54,1,1.0820392467112896
417,3. SARSA + Kernel,1,-91,5,1.4247266934346916
418,3. SARSA + Kernel,1,-58,3,1.4550429169058168
419,3. SARSA + Kernel,1,-143,3,0.980467194077722
420,3. SARSA + Kernel,1,-272,8,1.1454687311260525
421,3. SARSA + Kernel,1,-101,2,1.2309703359150743
422,3. SARSA + Kernel,1,-208,9,1.2903586607509203
423,3. SARSA + Kernel,1,-130,6,1.3164969195261562
424,3. SARSA + Kernel,1,10,0,1.4879478286746426
425,3. SARSA + Kernel,1,-56,2,1.1793415315366056
426,3. SARSA + Kernel,1,-110,5,1.3158413049203572
427,3. SARSA + Kernel,1,7,0,4.580634200697468
428,3. SARSA + Kernel,1,-26,1,1.0982002842699399
429,3. SARSA + Kernel,1,-47,1,1.044082474566622
430,3. SARSA + Kernel,1,-162,4,1.05669768489823
431,3. SARSA + Kernel,1,-17,2,1.9720708365939508
432,3. SARSA + Kernel,1,-97,4,1.3142829175138977
433,3. SARSA + Kernel,1,-57,3,1.4180991403244332
434,3. SARSA + Kernel,1,-146,5,1.1845084642588037
435,3. SARSA + Kernel,1,-11,1,2.30255820050876
436,3. SARSA + Kernel,1,-132,4,1.2199245037533006
437,3. SARSA + Kernel,1,14,0,1.9321661916178672
438,3. SARSA + Kernel,1,-99,6,1.9370672430937814
439,3. SARSA + Kernel,1,6,0,1.1724666671444242
440,3. SARSA + Kernel,1,-117,6,1.7749335977845035
441,3. SARSA + Kernel,1,-31,1,1.1280468392752305
442,3. SARSA + Kernel,1,-33,0,0.8743345577136652
443,3. SARSA + Kernel,1,-10,1,1.519417151159547
444,3. SARSA + Kernel,1,-27,0,0.8868797091880349
445,3. SARSA + Kernel,1,-109,4,1.1840259219045297
446,3. SARSA + Kernel,1,-4,1,1.5302953198078284
447,3. SARSA + Kernel,1,-104,4,1.208810674835644
448,3. SARSA + Kernel,1,-130,4,1.181524475091193
449,3. SARSA + Kernel,1,-26,1,1.1069298332518303
450,3. SARSA + Kernel,1,-112,5,1.3608886908846396
451,3. SARSA + Kernel,1,-122,4,1.4929841963894341
452,3. SARSA + Kernel,1,-7,0,2.543447800147282
453,3. SARSA + Kernel,1,-160,6,1.3298903051089006
454,3. SARSA + Kernel,1,-157,7,1.3428252760060722
455,3. SARSA + Kernel,1,5,0,2.6194927796341325
456,3. SARSA + Kernel,1,-44,1,1.0022045044121481
457,3. SARSA + Kernel,1,-30,1,1.0923774200224439
458,3. SARSA + Kernel,1,-73,3,1.2835672172647867
459,3. SARSA + Kernel,1,-37,2,1.2882357138830183
460,3. SARSA + Kernel,1,9,0,1.3738198719984094
461,3. SARSA + Kernel,1,-6,0,1.155756431023953
462,3. SARSA + Kernel,1,-10,1,1.4659246677958573
463,3. SARSA + Kernel,1,-49,3,1.5119004981708761
464,3. SARSA + Kernel,1,-51,1,1.0086436876527276
465,3. SARSA + Kernel,1,-26,2,1.6443893743010143
466,3. SARSA + Kernel,1,-76,2,1.0987630817799252
467,3. SARSA + Kernel,1,-25,1,1.0797571185643953
468,3. SARSA + Kernel,1,-220,7,1.2557191836920523
469,3. SARSA + Kernel,1,-3,1,1.384601408513315
470,3. SARSA + Kernel,1,-76,1,0.9267892429902086
471,3. SARSA + Kernel,1,-133,4,1.1868972738714472
472,3. SARSA + Kernel,1,-130,5,1.4673896721222945
473,3. SARSA + Kernel,1,8,0,1.5020684254258043
474,3. SARSA + Kernel,1,-55,1,0.9566060678375643
475,3. SARSA + Kernel,1,5,0,2.6395057836636786
476,3. SARSA + Kernel,1,-18,1,2.1405048006640603
477,3. SARSA + Kernel,1,-88,3,1.0943014066003005
478,3. SARSA + Kernel,1,-90,3,1.0827924297693505
479,3. SARSA + Kernel,1,-56,2,1.2122769867116334
480,3. SARSA + Kernel,1,-25,0,0.7828107390270576
481,3. SARSA + Kernel,1,14,0,2.2982962228598005
482,3. SARSA + Kernel,1,-107,2,0.9415816994633565
483,3. SARSA + Kernel,1,-149,8,2.0005116163364454
484,3. SARSA + Kernel,1,-14,0,0.8380127030597968
485,3. SARSA + Kernel,1,-233,9,1.2207654328634656
486,3. SARSA + Kernel,1,-128,8,1.6660646193783508
487,3. SARSA + Kernel,1,13,0,1.8720865653198049
488,3. SARSA + Kernel,1,-93,3,1.2943332661933593
489,3. SARSA + Kernel,1,9,0,1.3555455554281826
490,3. SARSA + Kernel,1,-17,1,2.139689472961231
491,3. SARSA + Kernel,1,-67,1,0.9438434090233004
492,3. SARSA + Kernel,1,-11,0,0.9475465165363889
493,3. SARSA + Kernel,1,-93,1,1.0873290684411294
494,3. SARSA + Kernel,1,-53,2,1.0895243385156859
495,3. SARSA + Kernel,1,0,0,1.0568081392494446
496,3. SARSA + Kernel,1,-308,12,1.2741707583982858
497,3. SARSA + Kernel,1,-194,10,1.4590209176891158
498,3. SARSA + Kernel,1,11,0,1.5828815310057842
499,3. SARSA + Kernel,1,-16,1,1.5063673439411802
500,3. SARSA + Kernel,1,-76,3,1.1953768285179827
1,4. Full Framework,1,-641,49,2.568283614079086
2,4. Full Framework,1,-686,54,2.6999518382505783
3,4. Full Framework,1,-704,56,2.752776247535347
4,4. Full Framework,1,-704,56,2.7158014505414325
5,4. Full Framework,1,-677,53,2.613960622733421
6,4. Full Framework,1,-380,20,1.5650181998977173
7,4. Full Framework,1,-614,46,2.578946541509591
8,4. Full Framework,1,-740,60,2.804374590781286
9,4. Full Framework,1,-578,42,2.249959679165382
10,4. Full Framework,1,-542,38,2.090469704061058
11,4. Full Framework,1,-650,50,2.573565523119212
12,4. Full Framework,1,-677,53,2.6363458812025624
13,4. Full Framework,1,-210,15,2.1306821355455203
14,4. Full Framework,1,-488,32,1.9597019213844782
15,4. Full Framework,1,-515,35,2.053519909458193
16,4. Full Framework,1,-397,34,3.1190410873892427
17,4. Full Framework,1,-234,18,2.5139685681211117
18,4. Full Framework,1,-153,7,1.454092164023096
19,4. Full Framework,1,-224,18,2.612408440485948
20,4. Full Framework,1,14,0,1.8127822856635534
21,4. Full Framework,1,-479,31,1.852475477043019
22,4. Full Framework,1,-335,15,1.4496197111301348
23,4. Full Framework,1,-89,8,2.329408491813014
24,4. Full Framework,1,-578,42,2.3352313141114553
25,4. Full Framework,1,-181,8,1.2917583611944603
26,4. Full Framework,1,-416,24,1.7363919044528833
27,4. Full Framework,1,-587,43,2.3078365621884984
28,4. Full Framework,1,-126,10,2.341487269464552
29,4. Full Framework,1,-641,49,2.509139206963714
30,4. Full Framework,1,-1,0,0.8197186303456128
31,4. Full Framework,1,-88,8,2.823174202524155
32,4. Full Framework,1,-407,26,1.946780309929785
33,4. Full Framework,1,-20,2,1.8967614131573058
34,4. Full Framework,1,-470,30,1.9112099140460506
35,4. Full Framework,1,-407,23,1.7144077747013324
36,4. Full Framework,1,-551,39,2.201705731078765
37,4. Full Framework,1,-434,26,1.81712543676004
38,4. Full Framework,1,-452,28,2.0579470457867477
39,4. Full Framework,1,-17,2,1.6016971654835903
40,4. Full Framework,1,-479,31,1.9444857383187746
41,4. Full Framework,1,-470,30,1.8858116043434263
42,4. Full Framework,1,-344,16,1.4889994650118439
43,4. Full Framework,1,-26,1,1.1796334908895216
44,4. Full Framework,1,-14,1,1.2385306091785493
45,4. Full Framework,1,-26,3,2.0193420955817385
46,4. Full Framework,1,-207,12,1.5530083038622722
47,4. Full Framework,1,-86,5,1.4459983765532842
48,4. Full Framework,1,-314,17,1.7384402656783975
49,4. Full Framework,1,-272,8,1.183251833962424
50,4. Full Framework,1,-533,37,2.196911545756757
51,4. Full Framework,1,-42,4,2.647849376665826
52,4. Full Framework,1,3,0,0.8184919144789754
53,4. Full Framework,1,-253,12,1.4510610188998732
54,4. Full Framework,1,-245,5,1.1309724589609342
55,4. Full Framework,1,-12,0,0.7684560989475326
56,4. Full Framework,1,-87,1,0.9677976540031489
57,4. Full Framework,1,-254,6,1.18772504872273
58,4. Full Framework,1,11,0,0.8424789528625037
59,4. Full Framework,1,-173,5,1.2541070684713156
60,4. Full Framework,1,-149,3,1.1377303042387483
61,4. Full Framework,1,12,0,0.6725966975296158
62,4. Full Framework,1,-308,12,1.360797028908437
63,4. Full Framework,1,-236,4,1.0546200924354694
64,4. Full Framework,1,-488,32,1.9993628929918248
65,4. Full Framework,1,-83,3,1.1982569089578694
66,4. Full Framework,1,10,0,1.0335217285572407
67,4. Full Framework,1,-155,8,1.4695069002943528
68,4. Full Framework,1,7,0,0.7868683574966243
69,4. Full Framework,1,-17,0,0.8702400679020281
70,4. Full Framework,1,5,0,0.8553560785960286
71,4. Full Framework,1,-245,5,1.1355859649684685
72,4. Full Framework,1,-33,4,2.3613557068014446
73,4. Full Framework,1,-1,1,1.7934255441317364
74,4. Full Framework,1,-101,3,1.1944873951952912
75,4. Full Framework,1,-218,7,1.264892540289077
76,4. Full Framework,1,-245,5,1.1291492334278446
77,4. Full Framework,1,-290,10,1.331772166243398
78,4. Full Framework,1,-335,15,1.5476863527659936
79,4. Full Framework,1,-236,4,1.0650811274218865
80,4. Full Framework,1,-281,9,1.2846079091660454
81,4. Full Framework,1,-299,11,1.3532122740438515
82,4. Full Framework,1,-22,2,1.0288216674852941
83,4. Full Framework,1,-272,8,1.2369427272757938
84,4. Full Framework,1,-10,2,3.5786481802943606
85,4. Full Framework,1,-208,7,1.3027480699992255
86,4. Full Framework,1,-67,1,0.9928871960367319
87,4. Full Framework,1,-236,4,1.045676438526645
88,4. Full Framework,1,-245,5,1.0668867285973638
89,4. Full Framework,1,-81,5,1.8773983921733637
90,4. Full Framework,1,-186,9,1.4153738620908018
91,4. Full Framework,1,-12,2,1.8531181702938544
92,4. Full Framework,1,-56,3,1.4187809632157522
93,4. Full Framework,1,-38,1,1.0321286516000532
94,4. Full Framework,1,-5,1,1.1891942103725164
95,4. Full Framework,1,-112,2,0.9857505589597249
96,4. Full Framework,1,-31,3,1.7778424197058564
97,4. Full Framework,1,-60,1,1.0075705836133162
98,4. Full Framework,1,-335,15,1.3732953813658588
99,4. Full Framework,1,-46,0,1.1018282153977192
100,4. Full Framework,1,-3,1,1.8076688328191892
101,4. Full Framework,1,-50,1,1.0049154423593905
102,4. Full Framework,1,9,0,0.8879014941711345
103,4. Full Framework,1,-9,0,0.7834173552332547
104,4. Full Framework,1,-187,12,1.6880466456209433
105,4. Full Framework,1,-108,6,1.5795575098362582
106,4. Full Framework,1,-245,5,1.0755902395731272
107,4. Full Framework,1,-2,0,0.8301186645344317
108,4. Full Framework,1,-1,1,1.4559617264032043
109,4. Full Framework,1,14,0,0.6376491268840088
110,4. Full Framework,1,-245,5,1.104016210877827
111,4. Full Framework,1,-48,1,0.9697763547583962
112,4. Full Framework,1,-34,0,0.8368613282277778
113,4. Full Framework,1,-5,1,0.6077291251983862
114,4. Full Framework,1,5,0,0.5137636044175571
115,4. Full Framework,1,-12,0,1.3114743695178523
116,4. Full Framework,1,-96,4,1.2860362535070147
117,4. Full Framework,1,-22,0,1.0335421168193075
118,4. Full Framework,1,-44,1,1.0434421109202634
119,4. Full Framework,1,-96,3,1.1503388138245176
120,4. Full Framework,1,-8,0,0.7972989186768762
121,4. Full Framework,1,-49,2,1.1077176510151305
122,4. Full Framework,1,-47,2,1.273536294968114
123,4. Full Framework,1,11,0,0.5823239049449717
124,4. Full Framework,1,-15,1,1.102703204017371
125,4. Full Framework,1,0,1,1.3672902938185258
126,4. Full Framework,1,-12,1,0.7889981314106018
127,4. Full Framework,1,-25,1,1.0583240998063348
128,4. Full Framework,1,10,0,0.5838789566743294
129,4. Full Framework,1,11,0,0.6173104524806151
130,4. Full Framework,1,-73,4,1.6889391382074836
131,4. Full Framework,1,10,0,0.844702656747356
132,4. Full Framework,1,-161,5,1.1436668606965965
133,4. Full Framework,1,9,0,0.7185323113362384
134,4. Full Framework,1,-7,1,1.6868728003444087
135,4. Full Framework,1,-35,2,1.2734969849644393
136,4. Full Framework,1,4,0,0.9987521240178014
137,4. Full Framework,1,11,0,0.5744796822401923
138,4. Full Framework,1,-71,3,1.611676482770188
139,4. Full Framework,1,-6,1,1.0063866872807068
140,4. Full Framework,1,-158,4,1.068926859591593
141,4. Full Framework,1,8,0,0.5480902423630492
142,4. Full Framework,1,12,0,0.5680673375056111
143,4. Full Framework,1,-254,6,1.11882951210759
144,4. Full Framework,1,-23,2,1.4434308386796988
145,4. Full Framework,1,-40,4,1.8392236638569108
146,4. Full Framework,1,0,1,1.279983126319828
147,4. Full Framework,1,-272,8,1.211372995620315
148,4. Full Framework,1,1,1,1.8799655229124221
149,4. Full Framework,1,-103,6,1.509714556525695
150,4. Full Framework,1,-94,2,0.9865376157648463
151,4. Full Framework,1,2,1,1.01572464845376
152,4. Full Framework,1,3,0,0.9218474319418379
153,4. Full Framework,1,-58,3,1.3027769826129736
154,4. Full Framework,1,-55,2,1.0825454710314573
155,4. Full Framework,1,12,0,0.8053196359383742
156,4. Full Framework,1,-48,0,0.8304832640779679
157,4. Full Framework,1,8,0,0.9161770068709825
158,4. Full Framework,1,-7,0,0.7334183251774105
159,4. Full Framework,1,9,0,0.5266299198774161
160,4. Full Framework,1,-6,1,1.2996032208152473
161,4. Full Framework,1,-16,1,2.2496198577456137
162,4. Full Framework,1,-64,3,1.2319626286984717
163,4. Full Framework,1,-22,1,1.0148430065420055
164,4. Full Framework,1,12,0,0.49601651215464115
165,4. Full Framework,1,9,0,0.6556425315271673
166,4. Full Framework,1,9,0,0.6460991091562268
167,4. Full Framework,1,4,1,1.9730461532709582
168,4. Full Framework,1,10,0,0.554782513455196
169,4. Full Framework,1,-28,1,0.9971545974068821
170,4. Full Framework,1,-18,2,1.9519380939843076
171,4. Full Framework,1,-57,3,1.2892508636802429
172,4. Full Framework,1,8,0,0.6387064774851102
173,4. Full Framework,1,-25,2,1.6955680222628504
174,4. Full Framework,1,-5,1,1.3127361997349656
175,4. Full Framework,1,-2,0,0.805935931948305
176,4. Full Framework,1,-217,10,1.4028224153284348
177,4. Full Framework,1,15,0,0.5467903239118715
178,4. Full Framework,1,10,0,0.7340773031393074
179,4. Full Framework,1,7,0,0.6733702984060018
180,4. Full Framework,1,-34,2,1.3594045736226616
181,4. Full Framework,1,11,0,0.734953257690847
182,4. Full Framework,1,-10,2,2.2228451747809475
183,4. Full Framework,1,-2,1,1.625790919650571
184,4. Full Framework,1,-13,0,0.7455368208448203
185,4. Full Framework,1,-133,6,1.3489263694171212
186,4. Full Framework,1,8,0,0.6824300626832934
187,4. Full Framework,1,-2,1,1.295296736609396
188,4. Full Framework,1,-8,1,0.9289134834722048
189,4. Full Framework,1,-29,2,2.2674247839421664
190,4. Full Framework,1,-8,1,1.2752020503587844
191,4. Full Framework,1,8,0,0.5233374167134135
192,4. Full Framework,1,3,0,0.7180087661380473
193,4. Full Framework,1,-5,0,0.7480927493323608
194,4. Full Framework,1,-8,0,1.6267302006657491
195,4. Full Framework,1,-12,0,0.7804891440255175
196,4. Full Framework,1,1,0,0.7228822028430263
197,4. Full Framework,1,-15,1,1.0651626762356536
198,4. Full Framework,1,8,0,0.5834273545551155
199,4. Full Framework,1,-3,1,1.2817709950524654
200,4. Full Framework,1,6,0,0.6065676009006256
201,4. Full Framework,1,5,0,0.5952041910789461
202,4. Full Framework,1,5,0,0.6807787848688337
203,4. Full Framework,1,11,0,0.7236779305647199
204,4. Full Framework,1,-23,1,0.9525953638849426
205,4. Full Framework,1,-97,4,1.2081984145218072
206,4. Full Framework,1,9,0,0.7648287138694494
207,4. Full Framework,1,-17,1,1.0175529516658206
208,4. Full Framework,1,-8,0,0.6735193366745237
209,4. Full Framework,1,0,1,1.4966504709044024
210,4. Full Framework,1,2,0,0.8568357288135878
211,4. Full Framework,1,-20,1,1.0649461630056156
212,4. Full Framework,1,-7,0,0.7118464469506965
213,4. Full Framework,1,-18,1,1.0112728222522154
214,4. Full Framework,1,-10,1,0.967832725624259
215,4. Full Framework,1,-6,0,0.6948113069350765
216,4. Full Framework,1,-22,0,0.7307056883220335
217,4. Full Framework,1,13,0,0.6391125509261911
218,4. Full Framework,1,-97,5,1.3798107660839438
219,4. Full Framework,1,12,0,0.700294206473624
220,4. Full Framework,1,-10,0,0.6436948078409462
221,4. Full Framework,1,-46,2,1.0776558809625354
222,4. Full Framework,1,-14,2,1.8563542289616697
223,4. Full Framework,1,-6,1,1.1340702629307375
224,4. Full Framework,1,-98,3,1.1169201588029107
225,4. Full Framework,1,-1,1,1.163485822625813
226,4. Full Framework,1,-4,1,1.3743158961540525
227,4. Full Framework,1,11,0,0.6567808552193531
228,4. Full Framework,1,-36,1,0.981322438280516
229,4. Full Framework,1,-272,8,1.2050775442292816
230,4. Full Framework,1,-8,1,1.1057035875151795
231,4. Full Framework,1,-17,1,1.0184891268078018
232,4. Full Framework,1,12,0,0.5311928045128488
233,4. Full Framework,1,8,0,0.42822286953579536
234,4. Full Framework,1,-8,1,2.3816515402752665
235,4. Full Framework,1,12,0,0.5450192509652028
236,4. Full Framework,1,-84,3,1.1779907456581034
237,4. Full Framework,1,-37,1,0.9214108371064281
238,4. Full Framework,1,6,0,0.8106388094307267
239,4. Full Framework,1,1,1,1.3746985938111815
240,4. Full Framework,1,4,0,0.6680145358065066
241,4. Full Framework,1,10,0,0.7986458409540677
242,4. Full Framework,1,0,0,0.5286225520831614
243,4. Full Framework,1,9,0,0.5605817402744211
244,4. Full Framework,1,-1,0,0.6326013341771186
245,4. Full Framework,1,7,0,0.7119183808121491
246,4. Full Framework,1,6,0,0.5891831483863825
247,4. Full Framework,1,-48,3,1.4066806334806177
248,4. Full Framework,1,-74,2,1.065230845310556
249,4. Full Framework,1,-8,1,1.0234569420141182
250,4. Full Framework,1,7,0,0.6888239586620092
251,4. Full Framework,1,4,0,0.6410476696011176
252,4. Full Framework,1,11,0,0.40401815765980836
253,4. Full Framework,1,-13,0,0.8613970485736265
254,4. Full Framework,1,-75,3,1.115777084401744
255,4. Full Framework,1,-123,2,0.9793723964090405
256,4. Full Framework,1,-1,1,1.4887436010658068
257,4. Full Framework,1,3,0,0.6019097277667881
258,4. Full Framework,1,-7,0,0.7159470428156468
259,4. Full Framework,1,-1,1,0.5501119714924817
260,4. Full Framework,1,1,1,1.4455210989825453
261,4. Full Framework,1,8,0,0.49626201631522365
262,4. Full Framework,1,-22,2,1.416290615661893
263,4. Full Framework,1,-5,1,1.3886294401670902
264,4. Full Framework,1,11,0,0.7099846423478632
265,4. Full Framework,1,-101,6,1.4862447789330893
266,4. Full Framework,1,10,0,0.5767568919484938
267,4. Full Framework,1,8,0,0.6455492272717126
268,4. Full Framework,1,10,0,0.41079246439087813
269,4. Full Framework,1,9,0,0.4460833361199137
270,4. Full Framework,1,-1,1,1.2420056340168013
271,4. Full Framework,1,4,0,0.5089659691190207
272,4. Full Framework,1,-4,1,1.1916582693920494
273,4. Full Framework,1,8,0,0.6372385877379263
274,4. Full Framework,1,-1,0,2.1264354496880715
275,4. Full Framework,1,-75,3,1.209401744951282
276,4. Full Framework,1,2,0,0.6371138531085492
277,4. Full Framework,1,10,0,0.6863188108901519
278,4. Full Framework,1,10,0,0.6863561649296401
279,4. Full Framework,1,9,0,0.5064508114893546
280,4. Full Framework,1,-15,2,2.031070832018815
281,4. Full Framework,1,-22,2,2.2179361911125017
282,4. Full Framework,1,-5,1,1.2982246512353006
283,4. Full Framework,1,-102,6,1.6322825325469412
284,4. Full Framework,1,-12,0,0.832137730681577
285,4. Full Framework,1,7,0,0.8397941342106486
286,4. Full Framework,1,-105,4,1.1761032070466342
287,4. Full Framework,1,3,0,0.6496209455262782
288,4. Full Framework,1,-1,1,1.7053897413482804
289,4. Full Framework,1,-25,3,1.5348119100556261
290,4. Full Framework,1,12,0,0.4617484701765941
291,4. Full Framework,1,8,0,0.5816022036109515
292,4. Full Framework,1,15,0,0.3684540190651357
293,4. Full Framework,1,-14,1,1.106506322410259
294,4. Full Framework,1,-12,0,0.7609793322652191
295,4. Full Framework,1,12,0,0.640856872993909
296,4. Full Framework,1,-18,1,0.9382486337756707
297,4. Full Framework,1,-16,2,1.6095611557559804
298,4. Full Framework,1,7,0,0.7680132913578365
299,4. Full Framework,1,1,1,1.099852687957525
300,4. Full Framework,1,-36,1,0.9281524002814997
301,4. Full Framework,1,-14,1,0.9931726358454808
302,4. Full Framework,1,-5,1,0.9600327061141953
303,4. Full Framework,1,-45,2,1.0795479653979025
304,4. Full Framework,1,13,0,0.7037448565851839
305,4. Full Framework,1,-3,1,1.4288542117247809
306,4. Full Framework,1,-6,0,0.6826224833996751
307,4. Full Framework,1,8,0,0.510673294917909
308,4. Full Framework,1,-10,0,0.7977145223025852
309,4. Full Framework,1,-2,1,1.2935580321795077
310,4. Full Framework,1,8,0,0.46057716351043265
311,4. Full Framework,1,6,0,0.454054444091215
312,4. Full Framework,1,4,0,0.5341416828019101
313,4. Full Framework,1,10,0,0.5481585411255353
314,4. Full Framework,1,12,0,0.7000846896890541
315,4. Full Framework,1,-2,1,1.3823279928670547
316,4. Full Framework,1,-147,3,1.0100747321144512
317,4. Full Framework,1,11,0,0.535031288126832
318,4. Full Framework,1,10,0,0.9408125935343741
319,4. Full Framework,1,-8,1,1.10816020576992
320,4. Full Framework,1,5,0,0.5129315231404843
321,4. Full Framework,1,9,0,0.5541680687734699
322,4. Full Framework,1,3,0,0.648735914271534
323,4. Full Framework,1,-16,2,1.459360382169677
324,4. Full Framework,1,-2,1,1.1764316332259652
325,4. Full Framework,1,-22,1,0.9525699613126067
326,4. Full Framework,1,-4,0,0.7130882407723425
327,4. Full Framework,1,-14,2,2.1301388392577763
328,4. Full Framework,1,-61,1,0.8987846190553285
329,4. Full Framework,1,-11,0,0.6116387951385881
330,4. Full Framework,1,8,0,0.7923550018840742
331,4. Full Framework,1,-36,3,1.2954193539811716
332,4. Full Framework,1,-5,1,1.0640489300754137
333,4. Full Framework,1,7,0,0.5260362255969119
334,4. Full Framework,1,-17,1,0.7230142077111644
335,4. Full Framework,1,3,0,0.5144609290655252
336,4. Full Framework,1,8,0,0.4005539606310402
337,4. Full Framework,1,1,0,0.6499940890002918
338,4. Full Framework,1,10,0,0.5854632807607771
339,4. Full Framework,1,3,0,0.5201491650320145
340,4. Full Framework,1,-35,3,2.0085837773400566
341,4. Full Framework,1,7,0,0.5449174436430934
342,4. Full Framework,1,4,1,1.7177776991239289
343,4. Full Framework,1,-5,1,1.3007984510068387
344,4. Full Framework,1,-70,5,1.7433610155950925
345,4. Full Framework,1,11,0,0.474935296605706
346,4. Full Framework,1,10,0,0.478521001412958
347,4. Full Framework,1,2,0,0.7107697167593826
348,4. Full Framework,1,-12,1,1.0056405109103654
349,4. Full Framework,1,-7,0,0.629067791706471
350,4. Full Framework,1,-14,1,0.9547865019172627
351,4. Full Framework,1,-3,1,1.103714822117248
352,4. Full Framework,1,7,0,0.5709896012941849
353,4. Full Framework,1,12,0,0.41946118330320303
354,4. Full Framework,1,-131,4,1.0619974221355344
355,4. Full Framework,1,2,0,0.6155571322261629
356,4. Full Framework,1,9,0,0.4916171675154724
357,4. Full Framework,1,9,0,0.5148028637227917
358,4. Full Framework,1,8,0,0.5231697016353746
359,4. Full Framework,1,-50,2,0.9079309745607994
360,4. Full Framework,1,-4,0,0.6512481971411771
361,4. Full Framework,1,-4,0,0.7275622963823646
362,4. Full Framework,1,6,0,0.6059776620094455
363,4. Full Framework,1,-16,2,1.7326845782352251
364,4. Full Framework,1,-15,0,1.5846373518027517
365,4. Full Framework,1,6,0,0.9690905396816007
366,4. Full Framework,1,-14,0,0.8581725525707168
367,4. Full Framework,1,6,0,0.6257056892821303
368,4. Full Framework,1,-1,0,0.6915456203373539
369,4. Full Framework,1,12,0,0.48287905695756234
370,4. Full Framework,1,7,0,0.5198621237228865
371,4. Full Framework,1,2,1,1.4601467760356024
372,4. Full Framework,1,6,0,0.677133950132367
373,4. Full Framework,1,10,0,0.410863268255013
374,4. Full Framework,1,-4,1,1.2746349908321566
375,4. Full Framework,1,8,0,0.6833718801470811
376,4. Full Framework,1,-3,1,1.0665780906253828
377,4. Full Framework,1,4,0,0.5702747916705221
378,4. Full Framework,1,-7,0,0.7081751440132374
379,4. Full Framework,1,-2,1,1.1305898102977274
380,4. Full Framework,1,8,0,0.5268825113567964
381,4. Full Framework,1,9,0,0.5844232359822706
382,4. Full Framework,1,-22,1,0.9314934047454102
383,4. Full Framework,1,8,0,3.1568154085968723
384,4. Full Framework,1,0,0,0.6054285578500381
385,4. Full Framework,1,-35,2,1.0855298901894066
386,4. Full Framework,1,8,0,0.6289711983292132
387,4. Full Framework,1,-4,0,0.7408042571061118
388,4. Full Framework,1,-1,1,1.2534638945468295
389,4. Full Framework,1,-12,1,0.860211804849165
390,4. Full Framework,1,5,0,0.46764380260933247
391,4. Full Framework,1,8,0,0.5333849597070877
392,4. Full Framework,1,8,0,0.38225624795036955
393,4. Full Framework,1,2,0,0.6564590903617665
394,4. Full Framework,1,-16,1,1.1201142253575174
395,4. Full Framework,1,-53,4,1.6517659265906883
396,4. Full Framework,1,-96,4,1.1164658403356167
397,4. Full Framework,1,-14,2,1.1878743665770763
398,4. Full Framework,1,-2,1,1.0715450054741709
399,4. Full Framework,1,-3,1,1.257376745336591
400,4. Full Framework,1,1,0,0.6017361079439149
401,4. Full Framework,1,-164,7,1.3069458952902147
402,4. Full Framework,1,3,1,1.66732941211547
403,4. Full Framework,1,13,0,0.48149499665496276
404,4. Full Framework,1,-11,1,0.9292528033489963
405,4. Full Framework,1,-9,0,0.5671243374326775
406,4. Full Framework,1,-11,1,0.925542468399945
407,4. Full Framework,1,0,1,1.1810891041420255
408,4. Full Framework,1,5,0,0.7714205148996225
409,4. Full Framework,1,7,0,0.6838611738484577
410,4. Full Framework,1,1,1,1.4800377403345453
411,4. Full Framework,1,9,0,0.3697687828461991
412,4. Full Framework,1,-30,1,0.9813713870649623
413,4. Full Framework,1,14,0,0.6023388976533736
414,4. Full Framework,1,8,0,0.4934633336175179
415,4. Full Framework,1,7,0,0.526972727769175
416,4. Full Framework,1,6,0,0.6629209001895046
417,4. Full Framework,1,-19,0,1.5266707664417798
418,4. Full Framework,1,7,0,0.6480251220347183
419,4. Full Framework,1,-19,2,1.2662034843252208
420,4. Full Framework,1,-16,1,0.9800105585009178
421,4. Full Framework,1,8,0,0.5869651209547637
422,4. Full Framework,1,8,0,0.7203064859037175
423,4. Full Framework,1,-9,1,0.43626595151385444
424,4. Full Framework,1,2,1,0.4594681448619172
425,4. Full Framework,1,9,0,0.46990181024906935
426,4. Full Framework,1,-12,2,1.7756653714607178
427,4. Full Framework,1,1,1,1.7343056367389524
428,4. Full Framework,1,9,0,0.3845172886419266
429,4. Full Framework,1,-48,2,1.2419847523622014
430,4. Full Framework,1,-62,2,1.016921121666841
431,4. Full Framework,1,-15,2,1.92714299559407
432,4. Full Framework,1,-7,1,1.2706117890051087
433,4. Full Framework,1,-3,1,1.097535055854341
434,4. Full Framework,1,5,0,0.6951767095891659
435,4. Full Framework,1,-3,1,1.387156034438259
436,4. Full Framework,1,-48,1,1.1012636187806935
437,4. Full Framework,1,14,0,0.4941759470980056
438,4. Full Framework,1,-13,2,1.7608808527997521
439,4. Full Framework,1,0,1,1.0697691489663594
440,4. Full Framework,1,3,0,0.5090578259539909
441,4. Full Framework,1,8,0,0.36737545461832677
442,4. Full Framework,1,4,0,0.718010937626273
443,4. Full Framework,1,7,0,0.333140838664512
444,4. Full Framework,1,-83,2,0.9517450840313536
445,4. Full Framework,1,-78,2,0.9893180404869086
446,4. Full Framework,1,9,0,0.5597358931870932
447,4. Full Framework,1,8,0,0.5954700950142151
448,4. Full Framework,1,5,0,0.5777806608811128
449,4. Full Framework,1,10,0,0.4856026240266583
450,4. Full Framework,1,-22,3,1.7276385651431994
451,4. Full Framework,1,-27,1,0.9039074799053404
452,4. Full Framework,1,7,0,0.6006799891857177
453,4. Full Framework,1,-10,1,1.0738463694616651
454,4. Full Framework,1,-7,1,1.0501632962157406
455,4. Full Framework,1,11,0,0.35405879602426804
456,4. Full Framework,1,-3,0,0.7802917033999188
457,4. Full Framework,1,-20,1,0.9276208926693573
458,4. Full Framework,1,-8,1,0.9526694680064915
459,4. Full Framework,1,5,0,0.3386125743620272
460,4. Full Framework,1,1,1,0.5668814580610891
461,4. Full Framework,1,0,1,1.4104865391211925
462,4. Full Framework,1,-1,1,1.4801923883002024
463,4. Full Framework,1,-21,2,1.6364466700740259
464,4. Full Framework,1,-5,1,1.0371507152727257
465,4. Full Framework,1,-1,1,2.445083158811321
466,4. Full Framework,1,8,0,0.5492810908115945
467,4. Full Framework,1,-25,0,0.7297763400839112
468,4. Full Framework,1,-59,2,1.0400580792096432
469,4. Full Framework,1,11,0,0.46818297512951756
470,4. Full Framework,1,-26,1,1.3274810863002486
471,4. Full Framework,1,-74,4,1.546107189117226
472,4. Full Framework,1,-6,1,0.9186332383500352
473,4. Full Framework,1,12,0,0.33177007511293233
474,4. Full Framework,1,-159,6,1.1890512882117674
475,4. Full Framework,1,9,0,0.44806185108071633
476,4. Full Framework,1,9,0,0.310306760306072
477,4. Full Framework,1,-31,1,1.1780444595893471
478,4. Full Framework,1,2,0,0.5138913597966326
479,4. Full Framework,1,8,0,0.31800866601490907
480,4. Full Framework,1,1,0,0.4164748375479026
481,4. Full Framework,1,14,0,0.5006313974925299
482,4. Full Framework,1,-254,6,1.0278245718467698
483,4. Full Framework,1,-35,3,3.0140908017280084
484,4. Full Framework,1,-4,1,0.9803021938182293
485,4. Full Framework,1,-263,7,1.0852657455516772
486,4. Full Framework,1,-254,6,1.0895220604736933
487,4. Full Framework,1,13,0,0.428894175423139
488,4. Full Framework,1,9,0,0.6046137953486334
489,4. Full Framework,1,10,0,0.5896222464254607
490,4. Full Framework,1,6,0,0.6523587072622787
491,4. Full Framework,1,0,1,0.4326556178910721
492,4. Full Framework,1,10,0,0.41387822638566457
493,4. Full Framework,1,-8,1,1.0856652474296058
494,4. Full Framework,1,-3,1,1.0927419335230353
495,4. Full Framework,1,6,0,0.6102352460744086
496,4. Full Framework,1,-8,0,0.7048943396138456
497,4. Full Framework,1,-7,1,1.0792670393837385
498,4. Full Framework,1,13,0,0.42678000059091104
499,4. Full Framework,1,6,0,0.5011343817226331
500,4. Full Framework,1,-103,6,1.579940022367713
